Text,Source,Language,label
19-20 ka fark hain,Reddit,tr,1
lil fracture,Reddit,fr,1
Lil coma,Reddit,zh,1
Yo wtf,Reddit,ie,1
Yo wtf,Reddit,ie,1
Lil Gonorrhea,Reddit,hr,1
u/savevideo,Reddit,it,0
Lil pnemonea,Reddit,sh,1
ouch,Reddit,kk,1
LMAO ğŸ˜‚ğŸ˜‚ğŸ˜‚.,Reddit,uk,1
lil dengue,Reddit,ms,1
Lil TB,Reddit,it,1
Lil duty(?),Reddit,eu,1
Lil root canal,Reddit,pt,1
true,Reddit,fa,0
rickrolled @thekingte,YouTube,de,1
lil h-pylori,Reddit,hu,1
Lil baby boy ğŸ˜…,Reddit,nl,0
Lil cuff,Reddit,hr,0
[removed],Reddit,gom,1
ouch,Reddit,kk,1
Lil 'dengue,Reddit,tr,1
Lil jaundice,Reddit,lv,0
lil toe fracture,Reddit,fr,0
â¤ï¸,Reddit,bg,1
Ğ“Ğ´Ğµ Ñ€Ğ¾Ğ±Ğ»ÑƒĞºÑÑ‹,YouTube,ru,1
19-20 ka fark hain,Reddit,tr,1
Lil jaundice,Reddit,lv,0
[removed],Reddit,gom,1
Lil duty(?),Reddit,eu,1
I work the pipe line this is too accurate,Reddit,en,0
Lil psychosis (bipolar),Reddit,id,0
Mammaaaa,Reddit,vi,1
Cousin on lil uzi,Reddit,en,1
Lil pnemonea,Reddit,sh,1
â¤ï¸,Reddit,bg,1
Lil jaundice,Reddit,lv,0
ğŸ’¯,Reddit,de,1
"ABURRE ESTA CANCION , La ponen a Tocar cada segundo.",YouTube,es,1
BRUH,Reddit,an,1
SMOL,Reddit,cs,1
[removed],Reddit,gom,1
ĞœĞ½Ğµ ÑĞºĞ°Ğ·Ğ°Ğ»Ğ¸ Ñ‚ÑƒÑ‚ Ğ±ĞµÑĞ¿Ğ»Ğ°Ñ‚Ğ½Ñ‹Ğµ Ñ€Ğ¾Ğ±ÑƒĞºÑÑ‹ Ğ° Ğ³Ğ´Ğµ,YouTube,ru,0
Valar dohaeris,Reddit,war,1
Lil ligma,Reddit,hr,1
true,Reddit,fa,0
I think maternal means from mom's side,Reddit,en,0
19-20 ka fark hain,Reddit,tr,1
Lil 'dengue,Reddit,tr,1
Lil smegma,Reddit,hu,1
ouch,Reddit,kk,1
LIL TORN LCL.,Reddit,zh,1
lil h-pylori,Reddit,hu,1
LMAO ğŸ˜‚ğŸ˜‚ğŸ˜‚.,Reddit,uk,1
Lil hives,Reddit,fr,0
Lil gynocomastia,Reddit,sv,1
true,Reddit,fa,0
Lil h pylori,Reddit,fi,0
Lil eczema,Reddit,pl,1
sArcAsM,Reddit,ro,1
Lil typhoid,Reddit,pl,1
19-20 ka fark hain,Reddit,tr,1
lil typhoid,Reddit,pl,1
Lil Dengue ğŸ¦Ÿ,Reddit,eu,1
Lil smegma,Reddit,hu,1
Ooh shit y9u teach kaama sutra on comment maan,Reddit,fi,1
Real,Reddit,fr,0
[removed],Reddit,gom,1
ãƒœã‚¤ã‚¹ãŒç¾ã—ã„,YouTube,ja,0
Lil gallstones,Reddit,en,1
Valar dohaeris,Reddit,war,1
ouch,Reddit,kk,1
"Lil pneumonia ( 19 yrs ago , i am 20)",Reddit,es,0
Lil Fever.,Reddit,pt,0
Y dicen que los hombres son mejores es sus 30... ğŸ˜‚ğŸ˜‚ğŸ˜‚ Que gran mentira...  Miren a ese chico en el vÃ­deo... Ganador y en lo mÃ¡s alto...  La mejor etapa de un hombre es entre sus 20 a los 30.. su mejor momento... EnergÃ­a al mÃ¡ximo.. ganas de vivir... Juventud al mÃ¡ximo... Mas posibilidades de triunfar... Mas posibilidades de encontrar una vida... La paciencia es la clave del Ã©xito...  Tengo 24 aÃ±os y me siento en mi mejor momento.... La juventud sale por mi piel...,YouTube,es,0
Lil Dengue ğŸ¦Ÿ,Reddit,eu,1
Same,Reddit,es,1
19-20 ka fark hain,Reddit,tr,1
Lil Gastritis.,Reddit,eo,0
r/tipofmytongue,Reddit,fr,1
Lil gynocomastia,Reddit,sv,1
ğŸ˜‚ğŸ˜‚ğŸ˜‚,Reddit,nl,1
BRUH,Reddit,an,1
"insert understandable, have a good day meme",Reddit,en,0
Lil h pylori,Reddit,fi,0
Lil cuff,Reddit,hr,0
Lil dengue,Reddit,ms,1
Lot pot zok saar so puny,Reddit,cs,1
LIL TORN LCL.,Reddit,zh,1
Lil pnemonea,Reddit,sh,1
lil h-pylori,Reddit,hu,1
r/woosh,Reddit,it,1
ğŸ˜‚ğŸ˜‚ğŸ˜‚,Reddit,nl,1
ouch,Reddit,kk,1
LIL C@NCER,Reddit,pa,1
Lil hiv,Reddit,fr,1
ğŸ˜‚ğŸ˜‚ğŸ˜‚,Reddit,nl,1
BRUH,Reddit,an,1
true,Reddit,fa,0
â¤ï¸,Reddit,bg,1
Lil cancerous grandma,Reddit,en,0
Lil jaundice,Reddit,lv,0
Bhai JEENEETards se idhar kese,Reddit,pt,1
19-20 ka fark hain,Reddit,tr,1
Lot pot zok saar so puny,Reddit,cs,1
Yo wtf,Reddit,ie,1
Lil Dengue ğŸ¦Ÿ,Reddit,eu,1
ĞœĞ½Ğµ ÑĞºĞ°Ğ·Ğ°Ğ»Ğ¸ Ñ‚ÑƒÑ‚ Ğ±ĞµÑĞ¿Ğ»Ğ°Ñ‚Ğ½Ñ‹Ğµ Ñ€Ğ¾Ğ±ÑƒĞºÑÑ‹ Ğ° Ğ³Ğ´Ğµ,YouTube,ru,0
Yo wtf,Reddit,ie,1
Valar dohaeris,Reddit,war,1
SMOL,Reddit,cs,1
BRUH,Reddit,an,1
sArcAsM,Reddit,ro,1
Lil Knee Sprain,Reddit,en,0
sArcAsM,Reddit,ro,1
Lil jaundice,Reddit,lv,0
Lil 'dengue,Reddit,tr,1
namaskarr ğŸ™,Reddit,sv,1
ouch,Reddit,kk,1
[removed],Reddit,gom,1
[removed],Reddit,gom,1
Haha ğŸ¤£ğŸ¤£ğŸ¤£,Reddit,hu,1
namaskarr ğŸ™,Reddit,sv,1
i LOVE,YouTube,ja,0
Lil dangue,Reddit,fr,1
ğŸ™‚,Reddit,vi,1
Lil pnemonea,Reddit,sh,1
lil tetanus,Reddit,hu,0
So true!,Reddit,pt,0
Lil tetanus,Reddit,hu,0
Lil baby boy ğŸ˜…,Reddit,nl,0
So here we areâ€¦,YouTube,uk,0
ğŸ¤£ğŸ˜‚ğŸ¤£ğŸ˜‚ğŸ¤£ğŸ˜‚ğŸ¤£ğŸ˜‚ğŸ¤£,Reddit,sv,1
ğŸ™‚,Reddit,vi,1
Yo wtf,Reddit,ie,1
â¤ï¸,Reddit,bg,1
Lil duty(?),Reddit,eu,1
true,Reddit,fa,0
lil tetanus,Reddit,hu,0
Lil gynocomastia,Reddit,sv,1
[removed],Reddit,gom,1
fuck youtube ğŸ˜¡,YouTube,ja,1
Lil Dengue ğŸ¦Ÿ,Reddit,eu,1
BRUH,Reddit,an,1
ouch,Reddit,kk,1
Lil TB,Reddit,it,1
Lil vaccine!,Reddit,it,0
Lil cuff,Reddit,hr,0
Lil jaundice,Reddit,lv,0
ĞœĞ½Ğµ ÑĞºĞ°Ğ·Ğ°Ğ»Ğ¸ Ñ‚ÑƒÑ‚ Ğ±ĞµÑĞ¿Ğ»Ğ°Ñ‚Ğ½Ñ‹Ğµ Ñ€Ğ¾Ğ±ÑƒĞºÑÑ‹ Ğ° Ğ³Ğ´Ğµ,YouTube,ru,0
Yo wtf,Reddit,ie,1
lil h-pylori,Reddit,hu,1
Lil h pylori,Reddit,fi,0
VERY TRUE!,Reddit,uk,0
SMOL,Reddit,cs,1
ğŸ¤£ğŸ˜‚ğŸ¤£ğŸ˜‚ğŸ¤£ğŸ˜‚ğŸ¤£ğŸ˜‚ğŸ¤£,Reddit,sv,1
BRUH,Reddit,an,1
Lil pnemonea,Reddit,sh,1
i LOVE,YouTube,ja,0
Lil baby boy ğŸ˜…,Reddit,nl,0
true,Reddit,fa,0
â¤ï¸,Reddit,bg,1
lil fracture,Reddit,fr,1
Yo wtf,Reddit,ie,1
Probably gonna die,Reddit,de,0
ğŸ¤¯ğŸ¤¯,Reddit,zh,1
So true!,Reddit,pt,0
lil fever,Reddit,pt,1
Lil Gastritis.,Reddit,eo,0
ĞœĞ•ĞĞ¯ Ğ—ĞĞ¢Ğ ĞĞ›Ğ˜Ğ›Ğ˜!!!,YouTube,uk,1
Mammaaaa,Reddit,vi,1
true,Reddit,fa,0
Itâ€™s like taking candy away from a child with Trump.,Reddit,en,0
So here we areâ€¦,YouTube,uk,0
Lil jaundice,Reddit,lv,0
Lol phimosis,Reddit,en,1
Lil SinusğŸ´â€â˜ ï¸,Reddit,nl,0
Mammaaaa,Reddit,vi,1
Lil duty(?),Reddit,eu,1
Lil dengue,Reddit,ms,1
ğŸ˜‚ğŸ˜‚ğŸ˜‚,Reddit,nl,1
Lil Root Canal,Reddit,es,1
Lil h pylori,Reddit,fi,0
Lil psychosis (bipolar),Reddit,id,0
So here we areâ€¦,YouTube,uk,0
Mammaaaa,Reddit,vi,1
"Ğ­, Ğ° Ğ³Ğ´Ğµ Ñ‚ÑƒÑ‚ Ğ±ĞµÑĞ¿Ğ»Ğ°Ğ´Ğ½Ğ°Ñ Ğ¿Ğ¾Ğ´Ğ°Ñ€Ğ¾Ñ‡Ğ½Ğ°Ñ ĞºĞ°Ñ€Ñ‚Ğ° ÑÑ‚Ğ¸Ğ¼Ğ° ? ğŸ˜¢",YouTube,ru,0
Lot pot zok saar so puny,Reddit,cs,1
true,Reddit,fa,0
[removed],Reddit,gom,1
ãƒœã‚¤ã‚¹ãŒç¾ã—ã„,YouTube,ja,0
Same,Reddit,es,1
Lil psychosis (bipolar),Reddit,id,0
ğŸ™‚,Reddit,vi,1
r/tipofmytongue,Reddit,fr,1
ãƒœã‚¤ã‚¹ãŒç¾ã—ã„,YouTube,ja,0
Lil gynocomastia,Reddit,sv,1
Same,Reddit,es,1
true,Reddit,fa,0
[removed],Reddit,gom,1
Lil gynocomastia,Reddit,sv,1
Ooh shit y9u teach kaama sutra on comment maan,Reddit,fi,1
Lil gynocomastia,Reddit,sv,1
true,Reddit,fa,0
true,Reddit,fa,0
â¤ï¸,Reddit,bg,1
LIL TORN LCL.,Reddit,zh,1
lil jaundice,Reddit,lv,0
Haha ğŸ¤£ğŸ¤£ğŸ¤£,Reddit,hu,1
Valar dohaeris,Reddit,war,1
Yo wtf,Reddit,ie,1
Ooh shit y9u teach kaama sutra on comment maan,Reddit,fi,1
Lil Gunya,Reddit,id,1
Lil coma,Reddit,zh,1
LIL C@NCER,Reddit,pa,1
ğŸ™‚,Reddit,vi,1
ğŸ¤£ğŸ˜‚ğŸ¤£ğŸ˜‚ğŸ¤£ğŸ˜‚ğŸ¤£ğŸ˜‚ğŸ¤£,Reddit,sv,1
"Ğ­, Ğ° Ğ³Ğ´Ğµ Ñ‚ÑƒÑ‚ Ğ±ĞµÑĞ¿Ğ»Ğ°Ğ´Ğ½Ğ°Ñ Ğ¿Ğ¾Ğ´Ğ°Ñ€Ğ¾Ñ‡Ğ½Ğ°Ñ ĞºĞ°Ñ€Ñ‚Ğ° ÑÑ‚Ğ¸Ğ¼Ğ° ? ğŸ˜¢",YouTube,ru,0
lil tetanus,Reddit,hu,0
Valar dohaeris,Reddit,war,1
fuck youtube ğŸ˜¡,YouTube,ja,1
[removed],Reddit,gom,1
rip johnny,Reddit,it,1
BRUH,Reddit,an,1
SMOL,Reddit,cs,1
lil malaria,Reddit,eo,1
ĞœĞ½Ğµ ÑĞºĞ°Ğ·Ğ°Ğ»Ğ¸ Ñ‚ÑƒÑ‚ Ğ±ĞµÑĞ¿Ğ»Ğ°Ñ‚Ğ½Ñ‹Ğµ Ñ€Ğ¾Ğ±ÑƒĞºÑÑ‹ Ğ° Ğ³Ğ´Ğµ,YouTube,ru,0
Lil dengue,Reddit,ms,1
[removed],Reddit,gom,1
true,Reddit,fa,0
[removed],Reddit,gom,1
Valar dohaeris,Reddit,war,1
Lil h pylori,Reddit,fi,0
true,Reddit,fa,0
true,Reddit,fa,0
r/tipofmytongue,Reddit,fr,1
true,Reddit,fa,0
Kinda rude.,Reddit,it,1
Lil SinusğŸ´â€â˜ ï¸,Reddit,nl,0
19-20 ka fark hain,Reddit,tr,1
lil typhoid,Reddit,pl,1
ğŸ˜…,Reddit,fr,1
Yo wtf,Reddit,ie,1
Lil pnemonea,Reddit,sh,1
lil jaundice,Reddit,lv,0
Did it work lol,Reddit,en,1
BRUH,Reddit,an,1
Valar dohaeris,Reddit,war,1
If you read this joke and immediately knew who said itâ€¦ you might be a redneck.   Read in southern accent for full effect.,Reddit,en,1
Yo wtf,Reddit,ie,1
ğŸ¤£ğŸ˜‚ğŸ¤£ğŸ˜‚ğŸ¤£ğŸ˜‚ğŸ¤£ğŸ˜‚ğŸ¤£,Reddit,sv,1
true,Reddit,fa,0
Lil Dengue ğŸ¦Ÿ,Reddit,eu,1
10?...,Reddit,pl,1
LIL TORN LCL.,Reddit,zh,1
BRUH,Reddit,an,1
Lil Gunya,Reddit,id,1
sArcAsM,Reddit,ro,1
r/woosh,Reddit,it,1
Im Fuckin g9dğŸ˜‚,YouTube,de,1
sArcAsM,Reddit,ro,1
Lil coma,Reddit,zh,1
LIL C@NCER,Reddit,pa,1
Valar dohaeris,Reddit,war,1
Mammaaaa,Reddit,vi,1
LIL C@NCER,Reddit,pa,1
Lil baby boy ğŸ˜…,Reddit,nl,0
Lil SinusğŸ´â€â˜ ï¸,Reddit,nl,0
Sadak se utha kar Car bana dunga...,Reddit,tr,1
lil dengue,Reddit,ms,1
true,Reddit,fa,0
Lil T12 L1 fracture,Reddit,fr,0
sArcAsM,Reddit,ro,1
r/tipofmytongue,Reddit,fr,1
ouch,Reddit,kk,1
LMAO ğŸ˜‚ğŸ˜‚ğŸ˜‚.,Reddit,uk,1
19-20 ka fark hain,Reddit,tr,1
Lil hiv,Reddit,fr,1
Lil SinusğŸ´â€â˜ ï¸,Reddit,nl,0
i LOVE,YouTube,ja,0
true,Reddit,fa,0
true,Reddit,fa,0
Lil Gonorrhea,Reddit,hr,1
Same,Reddit,es,1
Lil Gunya,Reddit,id,1
[removed],Reddit,gom,1
ğŸ™‚,Reddit,vi,1
Lil Gunya,Reddit,id,1
ğŸ¤¯ğŸ¤¯,Reddit,zh,1
Lil cuff,Reddit,hr,0
Lil 'dengue,Reddit,tr,1
So true!,Reddit,pt,0
Lil Dengue ğŸ¦Ÿ,Reddit,eu,1
Yo wtf,Reddit,ie,1
sArcAsM,Reddit,ro,1
Lil TB,Reddit,it,1
Lil Gonorrhea,Reddit,hr,1
Lil dangue,Reddit,fr,1
[removed],Reddit,gom,1
Lil jaundice,Reddit,lv,0
BRUH,Reddit,an,1
LIL TORN LCL.,Reddit,zh,1
Lil fever ğŸ¥µ,Reddit,pt,1
AquÃ­ los que viene por lo de la beca,YouTube,es,1
ouch,Reddit,kk,1
lmaoooooo,Reddit,it,1
lil malaria,Reddit,eo,1
Lil 'Tism   Not bad   And if we take it last time I was to the doctors and not hospital   Lil 'Rthritis,Reddit,en,1
Lil psychosis (bipolar),Reddit,id,0
[removed],Reddit,gom,1
Lil duty(?),Reddit,eu,1
Lil cuff,Reddit,hr,0
"Lil pneumonia ( 19 yrs ago , i am 20)",Reddit,es,0
Thankx bro   ğŸ’€âœŒ,Reddit,pt,0
ğŸ˜‚ğŸ˜‚ğŸ˜‚,Reddit,nl,1
SMOL,Reddit,cs,1
Fuck my manâ€™s gettin night tan,Reddit,de,1
sArcAsM,Reddit,ro,1
Lil fever,Reddit,pt,1
Lil baby boy ğŸ˜…,Reddit,nl,0
Valar dohaeris,Reddit,war,1
Lot pot zok saar so puny,Reddit,cs,1
BRUH,Reddit,an,1
"Whenever i hear someone that goes to my current school say they want to continue online: ""Hmm did they forget the best thing about this school is the lab facilities........""",Reddit,en,0
Sadak se utha kar Car bana dunga...,Reddit,tr,1
ĞœĞ•ĞĞ¯ Ğ—ĞĞ¢Ğ ĞĞ›Ğ˜Ğ›Ğ˜!!!,YouTube,uk,1
Lil Gonorrhea,Reddit,hr,1
[removed],Reddit,gom,1
Same,Reddit,es,1
BRUH,Reddit,an,1
ĞœĞ½Ğµ ÑĞºĞ°Ğ·Ğ°Ğ»Ğ¸ Ñ‚ÑƒÑ‚ Ğ±ĞµÑĞ¿Ğ»Ğ°Ñ‚Ğ½Ñ‹Ğµ Ñ€Ğ¾Ğ±ÑƒĞºÑÑ‹ Ğ° Ğ³Ğ´Ğµ,YouTube,ru,0
Sadak se utha kar Car bana dunga...,Reddit,tr,1
ğŸ˜‚ğŸ˜‚ğŸ˜‚,Reddit,nl,1
â¤ï¸,Reddit,bg,1
ğŸ™‚,Reddit,vi,1
Lil fever ğŸ¥µ,Reddit,pt,1
[removed],Reddit,gom,1
sArcAsM,Reddit,ro,1
Sadak se utha kar Car bana dunga...,Reddit,tr,1
ğŸ˜‚,Reddit,ru,1
Lil SinusğŸ´â€â˜ ï¸,Reddit,nl,0
LMAO ğŸ˜‚ğŸ˜‚ğŸ˜‚.,Reddit,uk,1
ğŸ™‚,Reddit,vi,1
So true!,Reddit,pt,0
Yo wtf,Reddit,ie,1
lil dengue,Reddit,ms,1
LIL TORN LCL.,Reddit,zh,1
Lot pot zok saar so puny,Reddit,cs,1
R/savebot,Reddit,en,1
Lil pnemonea,Reddit,sh,1
Lil pnemonea,Reddit,sh,1
Lil h pylori,Reddit,fi,0
Lil jaundice,Reddit,lv,0
Lil Dengue ğŸ¦Ÿ,Reddit,eu,1
Mammaaaa,Reddit,vi,1
Lil duty(?),Reddit,eu,1
LIL TORN LCL.,Reddit,zh,1
VERY TRUE!,Reddit,uk,0
[removed],Reddit,gom,1
Kinda rude.,Reddit,it,1
Yo wtf,Reddit,ie,1
Lil smegma,Reddit,hu,1
Lil Gunya,Reddit,id,1
Lil Dengue ğŸ¦Ÿ,Reddit,eu,1
Lil cuff,Reddit,hr,0
"Ğ­, Ğ° Ğ³Ğ´Ğµ Ñ‚ÑƒÑ‚ Ğ±ĞµÑĞ¿Ğ»Ğ°Ğ´Ğ½Ğ°Ñ Ğ¿Ğ¾Ğ´Ğ°Ñ€Ğ¾Ñ‡Ğ½Ğ°Ñ ĞºĞ°Ñ€Ñ‚Ğ° ÑÑ‚Ğ¸Ğ¼Ğ° ? ğŸ˜¢",YouTube,ru,0
lil jaundice,Reddit,lv,0
ğŸ˜¢ğŸ˜¢ğŸ˜¢ğŸ‰ğŸ‰ğŸ˜‚ğŸ˜‚,YouTube,it,1
Sadak se utha kar Car bana dunga...,Reddit,tr,1
[removed],Reddit,gom,1
Lil fever.,Reddit,pt,0
sArcAsM,Reddit,ro,1
Sadak se utha kar Car bana dunga...,Reddit,tr,1
Ooh shit y9u teach kaama sutra on comment maan,Reddit,fi,1
Lil Fever.,Reddit,pt,0
A love tap?,Reddit,ja,0
lil jaundice,Reddit,lv,0
sArcAsM,Reddit,ro,1
SMOL,Reddit,cs,1
Lil Gunya,Reddit,id,1
Lil Jaundice,Reddit,pt,0
Lil Dengue ğŸ¦Ÿ,Reddit,eu,1
Lil SinusğŸ´â€â˜ ï¸,Reddit,nl,0
Lil dengue,Reddit,ms,1
Yo wtf,Reddit,ie,1
lil uzi,Reddit,eo,1
lil dengue,Reddit,ms,1
"ABURRE ESTA CANCION , La ponen a Tocar cada segundo.",YouTube,es,1
Haha ğŸ¤£ğŸ¤£ğŸ¤£,Reddit,hu,1
Quick fix....let the air out of the tires.  Tow the truck out afterwards,Reddit,en,0
lil fever,Reddit,pt,1
Lil Dengue ğŸ¦Ÿ,Reddit,eu,1
Valar dohaeris,Reddit,war,1
Sadak se utha kar Car bana dunga...,Reddit,tr,1
ğŸ˜‚,Reddit,ru,1
Valar dohaeris,Reddit,war,1
LIL C@NCER,Reddit,pa,1
Lil psychosis (bipolar),Reddit,id,0
Kinda rude.,Reddit,it,1
"Ğ­, Ğ° Ğ³Ğ´Ğµ Ñ‚ÑƒÑ‚ Ğ±ĞµÑĞ¿Ğ»Ğ°Ğ´Ğ½Ğ°Ñ Ğ¿Ğ¾Ğ´Ğ°Ñ€Ğ¾Ñ‡Ğ½Ğ°Ñ ĞºĞ°Ñ€Ñ‚Ğ° ÑÑ‚Ğ¸Ğ¼Ğ° ? ğŸ˜¢",YouTube,ru,0
SMOL,Reddit,cs,1
19-20 ka fark hain,Reddit,tr,1
Lot pot zok saar so puny,Reddit,cs,1
Lil gynocomastia,Reddit,sv,1
â¤ï¸,Reddit,bg,1
ğŸ˜‚ğŸ˜‚ğŸ˜‚,Reddit,nl,1
Lil typhoid,Reddit,pl,1
Lil eczema,Reddit,pl,1
Lil Gastritis,Reddit,es,0
true,Reddit,fa,0
lil h-pylori,Reddit,hu,1
Lil h pylori,Reddit,fi,0
sArcAsM,Reddit,ro,1
Haha ğŸ¤£ğŸ¤£ğŸ¤£,Reddit,hu,1
Lil Gonorrhea,Reddit,hr,1
lil typhoid,Reddit,pl,1
Yo wtf,Reddit,ie,1
LIL C@NCER,Reddit,pa,1
lil malaria,Reddit,eo,1
Mammaaaa,Reddit,vi,1
Lil smegma,Reddit,hu,1
Lil Gonorrhea,Reddit,hr,1
Lil Gonorrhea,Reddit,hr,1
done,Reddit,en,1
true,Reddit,fa,0
Lil hiv,Reddit,fr,1
ĞœĞ½Ğµ ÑĞºĞ°Ğ·Ğ°Ğ»Ğ¸ Ñ‚ÑƒÑ‚ Ğ±ĞµÑĞ¿Ğ»Ğ°Ñ‚Ğ½Ñ‹Ğµ Ñ€Ğ¾Ğ±ÑƒĞºÑÑ‹ Ğ° Ğ³Ğ´Ğµ,YouTube,ru,0
Lil Gunya,Reddit,id,1
SAME!!,Reddit,ja,0
Lil h pylori,Reddit,fi,0
Yo wtf,Reddit,ie,1
Yo wtf,Reddit,ie,1
So true!,Reddit,pt,0
Yo wtf,Reddit,ie,1
ğŸ¤¯ğŸ¤¯,Reddit,zh,1
Lil Gonorrhea,Reddit,hr,1
Lil 'dengue,Reddit,tr,1
Lil uti,Reddit,it,1
Lil coma,Reddit,zh,1
SMOL,Reddit,cs,1
Lil 'dengue,Reddit,tr,1
true,Reddit,fa,0
LIL C@NCER,Reddit,pa,1
Lil fissure in ano,Reddit,pt,1
ğŸ˜‚ğŸ˜‚ğŸ˜‚,Reddit,nl,1
Lil jaundice,Reddit,lv,0
[removed],Reddit,gom,1
Lil OPD ğŸ˜‚,Reddit,pl,1
[removed],Reddit,gom,1
Lil 'dengue,Reddit,tr,1
Lil h pylori,Reddit,fi,0
"Ğ­, Ğ° Ğ³Ğ´Ğµ Ñ‚ÑƒÑ‚ Ğ±ĞµÑĞ¿Ğ»Ğ°Ğ´Ğ½Ğ°Ñ Ğ¿Ğ¾Ğ´Ğ°Ñ€Ğ¾Ñ‡Ğ½Ğ°Ñ ĞºĞ°Ñ€Ñ‚Ğ° ÑÑ‚Ğ¸Ğ¼Ğ° ? ğŸ˜¢",YouTube,ru,0
Lil pnemonea,Reddit,sh,1
Lil h pylori,Reddit,fi,0
lil uzi,Reddit,eo,1
lil sinusitis,Reddit,de,0
Lil pnemonea,Reddit,sh,1
You sir have my attention and concern,Reddit,en,0
[removed],Reddit,gom,1
namaskarr ğŸ™,Reddit,sv,1
Yo wtf,Reddit,ie,1
true,Reddit,fa,0
"Lil pneumonia ( 19 yrs ago , i am 20)",Reddit,es,0
19-20 ka fark hain,Reddit,tr,1
lil fever,Reddit,pt,1
r/tipofmytongue,Reddit,fr,1
ğŸ™‚,Reddit,vi,1
Lil Gastritis.,Reddit,eo,0
AquÃ­ los que viene por lo de la beca,YouTube,es,1
SAME!!,Reddit,ja,0
LIL C@NCER,Reddit,pa,1
LIL C@NCER,Reddit,pa,1
Lil pnemonea,Reddit,sh,1
Ooh shit y9u teach kaama sutra on comment maan,Reddit,fi,1
ğŸ˜¢ğŸ˜¢ğŸ˜¢ğŸ‰ğŸ‰ğŸ˜‚ğŸ˜‚,YouTube,it,1
ğŸ¤£ğŸ˜‚ğŸ¤£ğŸ˜‚ğŸ¤£ğŸ˜‚ğŸ¤£ğŸ˜‚ğŸ¤£,Reddit,sv,1
Yo wtf,Reddit,ie,1
Yo wtf,Reddit,ie,1
Lil gynocomastia,Reddit,sv,1
namaskarr ğŸ™,Reddit,sv,1
â¤ï¸,Reddit,bg,1
BRUH,Reddit,an,1
sArcAsM,Reddit,ro,1
Lil smegma,Reddit,hu,1
Yo wtf,Reddit,ie,1
Lil Gunya,Reddit,id,1
SMOL,Reddit,cs,1
Valar dohaeris,Reddit,war,1
ğŸ¤¯ğŸ¤¯,Reddit,zh,1
Jet set gooooooooooooo ğŸ¤£ğŸ¤£,Reddit,it,0
[removed],Reddit,gom,1
Lil Dengue ğŸ¦Ÿ,Reddit,eu,1
Lil Fever.,Reddit,pt,0
Lil h pylori,Reddit,fi,0
Lil root canal,Reddit,pt,1
Lil root canal,Reddit,pt,1
LMAO ğŸ˜‚ğŸ˜‚ğŸ˜‚.,Reddit,uk,1
BRUH,Reddit,an,1
lil tetanus,Reddit,hu,0
lil dengue,Reddit,ms,1
Lil OPD ğŸ˜‚,Reddit,pl,1
Lil pnemonea,Reddit,sh,1
SMOL,Reddit,cs,1
ğŸ™‚,Reddit,vi,1
ouch,Reddit,kk,1
Sadak se utha kar Car bana dunga...,Reddit,tr,1
Ricky Gervais screaming inside my brain right now saying - we have DO NOT DRINK in big bold letters,Reddit,en,1
Lil Gunya,Reddit,id,1
"Ğ­, Ğ° Ğ³Ğ´Ğµ Ñ‚ÑƒÑ‚ Ğ±ĞµÑĞ¿Ğ»Ğ°Ğ´Ğ½Ğ°Ñ Ğ¿Ğ¾Ğ´Ğ°Ñ€Ğ¾Ñ‡Ğ½Ğ°Ñ ĞºĞ°Ñ€Ñ‚Ğ° ÑÑ‚Ğ¸Ğ¼Ğ° ? ğŸ˜¢",YouTube,ru,0
sArcAsM,Reddit,ro,1
Yo wtf,Reddit,ie,1
Lil typhoid,Reddit,pl,1
Lil hives,Reddit,fr,0
ğŸ™‚,Reddit,vi,1
Mammaaaa,Reddit,vi,1
ğŸ˜‚ğŸ˜‚ğŸ˜‚,Reddit,nl,1
Valar dohaeris,Reddit,war,1
Lil jaundice,Reddit,lv,0
VERY TRUE!,Reddit,uk,0
Lil Dengue ğŸ¦Ÿ,Reddit,eu,1
sArcAsM,Reddit,ro,1
Lil Dengue,Reddit,fr,1
Yo wtf,Reddit,ie,1
Lil Gonorrhea,Reddit,hr,1
ğŸ™‚,Reddit,vi,1
Same,Reddit,es,1
BRUH,Reddit,an,1
Ğ Ğ³Ğ´Ğµ Ğ¼Ğ¾Ğ¸ Ñ€Ğ¾Ğ±ÑƒĞºÑÑ‹?(,YouTube,ru,1
â¤ï¸,Reddit,bg,1
"Lil pneumonia ( 19 yrs ago , i am 20)",Reddit,es,0
LIL C@NCER,Reddit,pa,1
lil jaundice,Reddit,lv,0
Valar dohaeris,Reddit,war,1
true,Reddit,fa,0
Lil pnemonea,Reddit,sh,1
Lil cuff,Reddit,hr,0
Lil Gastritis.,Reddit,eo,0
19-20 ka fark hain,Reddit,tr,1
LIL C@NCER,Reddit,pa,1
+1,Reddit,it,0
lil sinusitis,Reddit,de,0
So here we areâ€¦,YouTube,uk,0
â¤ï¸,Reddit,bg,1
lil jaundice,Reddit,lv,0
namaskarr ğŸ™,Reddit,sv,1
Y dicen que los hombres son mejores es sus 30... ğŸ˜‚ğŸ˜‚ğŸ˜‚ Que gran mentira...  Miren a ese chico en el vÃ­deo... Ganador y en lo mÃ¡s alto...  La mejor etapa de un hombre es entre sus 20 a los 30.. su mejor momento... EnergÃ­a al mÃ¡ximo.. ganas de vivir... Juventud al mÃ¡ximo... Mas posibilidades de triunfar... Mas posibilidades de encontrar una vida... La paciencia es la clave del Ã©xito...  Tengo 24 aÃ±os y me siento en mi mejor momento.... La juventud sale por mi piel...,YouTube,es,0
ğŸ˜‚,Reddit,ru,1
Lil Dengue ğŸ¦Ÿ,Reddit,eu,1
ouch,Reddit,kk,1
Lil h pylori,Reddit,fi,0
LIL C@NCER,Reddit,pa,1
10?...,Reddit,pl,1
Lil dengue,Reddit,ms,1
Ooh shit y9u teach kaama sutra on comment maan,Reddit,fi,1
Lil fracture âœŒï¸,Reddit,en,1
Lil Gonorrhea,Reddit,hr,1
lil jaundice,Reddit,lv,0
rickrolled @thekingte,YouTube,de,1
ouch,Reddit,kk,1
Lil coma,Reddit,zh,1
Lil duty(?),Reddit,eu,1
Lil Job. (A doctor by profession).,Reddit,en,1
LIL C@NCER,Reddit,pa,1
r/tipofmytongue,Reddit,fr,1
Lil dengue,Reddit,ms,1
Thatâ€™s elon musk,Reddit,de,0
ğŸ’¯,Reddit,de,1
Lil Peri-Anal Abscess.,Reddit,en,1
Im Fuckin g9dğŸ˜‚,YouTube,de,1
LIL C@NCER,Reddit,pa,1
Valar dohaeris,Reddit,war,1
SMOL,Reddit,cs,1
Lil gynocomastia,Reddit,sv,1
Ğ Ğ³Ğ´Ğµ Ğ¼Ğ¾Ğ¸ Ñ€Ğ¾Ğ±ÑƒĞºÑÑ‹?(,YouTube,ru,1
ouch,Reddit,kk,1
Lil pnemonea,Reddit,sh,1
Lil Gunya,Reddit,id,1
â¤ï¸,Reddit,bg,1
Lil duty(?),Reddit,eu,1
lil dengue,Reddit,ms,1
LMAO ğŸ˜‚ğŸ˜‚ğŸ˜‚.,Reddit,uk,1
Haha ğŸ¤£ğŸ¤£ğŸ¤£,Reddit,hu,1
LIL TORN LCL.,Reddit,zh,1
Lil SinusğŸ´â€â˜ ï¸,Reddit,nl,0
Lil duty(?),Reddit,eu,1
Kinda rude.,Reddit,it,1
[removed],Reddit,gom,1
Yo wtf,Reddit,ie,1
ğŸ™‚,Reddit,vi,1
"Lil pneumonia ( 19 yrs ago , i am 20)",Reddit,es,0
Lil tetanus,Reddit,hu,0
Lil ligma,Reddit,hr,1
Lil Dengue ğŸ¦Ÿ,Reddit,eu,1
Lil cuff,Reddit,hr,0
Sadak se utha kar Car bana dunga...,Reddit,tr,1
Lil Gunya,Reddit,id,1
ğŸ™‚,Reddit,vi,1
[removed],Reddit,gom,1
10?...,Reddit,pl,1
i LOVE,YouTube,ja,0
SAME!!,Reddit,ja,0
"Ğ­, Ğ° Ğ³Ğ´Ğµ Ñ‚ÑƒÑ‚ Ğ±ĞµÑĞ¿Ğ»Ğ°Ğ´Ğ½Ğ°Ñ Ğ¿Ğ¾Ğ´Ğ°Ñ€Ğ¾Ñ‡Ğ½Ğ°Ñ ĞºĞ°Ñ€Ñ‚Ğ° ÑÑ‚Ğ¸Ğ¼Ğ° ? ğŸ˜¢",YouTube,ru,0
SMOL,Reddit,cs,1
lil malaria,Reddit,eo,1
Lil vaccine!,Reddit,it,0
LIL TORN LCL.,Reddit,zh,1
true,Reddit,fa,0
So here we areâ€¦,YouTube,uk,0
ğŸ™‚,Reddit,vi,1
BRUH,Reddit,an,1
LIL C@NCER,Reddit,pa,1
ouch,Reddit,kk,1
[removed],Reddit,gom,1
Lil pnemonea,Reddit,sh,1
ĞœĞ½Ğµ ÑĞºĞ°Ğ·Ğ°Ğ»Ğ¸ Ñ‚ÑƒÑ‚ Ğ±ĞµÑĞ¿Ğ»Ğ°Ñ‚Ğ½Ñ‹Ğµ Ñ€Ğ¾Ğ±ÑƒĞºÑÑ‹ Ğ° Ğ³Ğ´Ğµ,YouTube,ru,0
Lil Dengue ğŸ¦Ÿ,Reddit,eu,1
Yo wtf,Reddit,ie,1
"Lil pneumonia ( 19 yrs ago , i am 20)",Reddit,es,0
Lil h pylori,Reddit,fi,0
true,Reddit,fa,0
â¤ï¸,Reddit,bg,1
lil jaundice,Reddit,lv,0
[removed],Reddit,gom,1
Lil vaccine!,Reddit,it,0
Valar dohaeris,Reddit,war,1
ğŸ¤¯ğŸ¤¯,Reddit,zh,1
LIL C@NCER,Reddit,pa,1
Very funny ğŸ¤£ğŸ¤£ğŸ¤£,Reddit,ja,0
Wellâ€¦,Reddit,de,0
+1,Reddit,it,0
VERY TRUE!,Reddit,uk,0
namaskarr ğŸ™,Reddit,sv,1
Lil eczema,Reddit,pl,1
Lil pnemonea,Reddit,sh,1
Lil eczema,Reddit,pl,1
Lil eczema,Reddit,pl,1
LIL C@NCER,Reddit,pa,1
ĞœĞ½Ğµ ÑĞºĞ°Ğ·Ğ°Ğ»Ğ¸ Ñ‚ÑƒÑ‚ Ğ±ĞµÑĞ¿Ğ»Ğ°Ñ‚Ğ½Ñ‹Ğµ Ñ€Ğ¾Ğ±ÑƒĞºÑÑ‹ Ğ° Ğ³Ğ´Ğµ,YouTube,ru,0
[removed],Reddit,gom,1
Lil SinusğŸ´â€â˜ ï¸,Reddit,nl,0
Ğ Ğ³Ğ´Ğµ Ğ¼Ğ¾Ğ¸ Ñ€Ğ¾Ğ±ÑƒĞºÑÑ‹?(,YouTube,ru,1
true,Reddit,fa,0
ğŸ¤£ğŸ˜‚ğŸ¤£ğŸ˜‚ğŸ¤£ğŸ˜‚ğŸ¤£ğŸ˜‚ğŸ¤£,Reddit,sv,1
Lil Gastritis.,Reddit,eo,0
ğŸ˜¢ğŸ˜¢ğŸ˜¢ğŸ‰ğŸ‰ğŸ˜‚ğŸ˜‚,YouTube,it,1
â¤ï¸,Reddit,bg,1
ouch,Reddit,kk,1
Lil Bone TB,Reddit,it,1
Ğ Ğ³Ğ´Ğµ Ğ¼Ğ¾Ğ¸ Ñ€Ğ¾Ğ±ÑƒĞºÑÑ‹?(,YouTube,ru,1
Lil dengue,Reddit,ms,1
Lil Gunya,Reddit,id,1
lil typhoid,Reddit,pl,1
So true!,Reddit,pt,0
Valar dohaeris,Reddit,war,1
ĞœĞ½Ğµ ÑĞºĞ°Ğ·Ğ°Ğ»Ğ¸ Ñ‚ÑƒÑ‚ Ğ±ĞµÑĞ¿Ğ»Ğ°Ñ‚Ğ½Ñ‹Ğµ Ñ€Ğ¾Ğ±ÑƒĞºÑÑ‹ Ğ° Ğ³Ğ´Ğµ,YouTube,ru,0
BRUH,Reddit,an,1
Lil Gastritis,Reddit,es,0
Lil eczema,Reddit,pl,1
lmaoooooo,Reddit,it,1
Lil Gonorrhea,Reddit,hr,1
Wich me luck,Reddit,fr,0
As a Fathers apprentice i approve the shi outta this,Reddit,en,0
Lil infection,Reddit,en,1
Lil baby boy ğŸ˜…,Reddit,nl,0
ãƒœã‚¤ã‚¹ãŒç¾ã—ã„,YouTube,ja,0
fuck youtube ğŸ˜¡,YouTube,ja,1
VERY TRUE!,Reddit,uk,0
Mammaaaa,Reddit,vi,1
Fuck my manâ€™s gettin night tan,Reddit,de,1
ouch,Reddit,kk,1
Ooh shit y9u teach kaama sutra on comment maan,Reddit,fi,1
Lil Dengue ğŸ¦Ÿ,Reddit,eu,1
Lil pnemonea,Reddit,sh,1
sArcAsM,Reddit,ro,1
So here we areâ€¦,YouTube,uk,0
u/savevideo,Reddit,it,0
LIL C@NCER,Reddit,pa,1
Lil vomit,Reddit,de,1
Ooh shit y9u teach kaama sutra on comment maan,Reddit,fi,1
lil swollen foot,Reddit,de,1
sArcAsM,Reddit,ro,1
Lil pnemonea,Reddit,sh,1
So here we areâ€¦,YouTube,uk,0
Lil SinusğŸ´â€â˜ ï¸,Reddit,nl,0
Mammaaaa,Reddit,vi,1
lil swollen foot,Reddit,de,1
ğŸ¤¯ğŸ¤¯,Reddit,zh,1
Valar dohaeris,Reddit,war,1
Lil 'dengue,Reddit,tr,1
So true!,Reddit,pt,0
Lil Dengue ğŸ¦Ÿ,Reddit,eu,1
VERY TRUE!,Reddit,uk,0
LIL C@NCER,Reddit,pa,1
lil uzi,Reddit,eo,1
BRUH,Reddit,an,1
true,Reddit,fa,0
So here we areâ€¦,YouTube,uk,0
ãƒœã‚¤ã‚¹ãŒç¾ã—ã„,YouTube,ja,0
Lil psychosis (bipolar),Reddit,id,0
Lil pnemonea,Reddit,sh,1
A love tap?,Reddit,ja,0
Lil pnemonea,Reddit,sh,1
LIL C@NCER,Reddit,pa,1
lil dengue,Reddit,ms,1
Lil coma,Reddit,zh,1
lil dengue,Reddit,ms,1
Mammaaaa,Reddit,vi,1
Lil Dengue ğŸ¦Ÿ,Reddit,eu,1
Y dicen que los hombres son mejores es sus 30... ğŸ˜‚ğŸ˜‚ğŸ˜‚ Que gran mentira...  Miren a ese chico en el vÃ­deo... Ganador y en lo mÃ¡s alto...  La mejor etapa de un hombre es entre sus 20 a los 30.. su mejor momento... EnergÃ­a al mÃ¡ximo.. ganas de vivir... Juventud al mÃ¡ximo... Mas posibilidades de triunfar... Mas posibilidades de encontrar una vida... La paciencia es la clave del Ã©xito...  Tengo 24 aÃ±os y me siento en mi mejor momento.... La juventud sale por mi piel...,YouTube,es,0
Lil gynocomastia,Reddit,sv,1
â¤ï¸,Reddit,bg,1
[removed],Reddit,gom,1
lil uzi,Reddit,eo,1
Haha ğŸ¤£ğŸ¤£ğŸ¤£,Reddit,hu,1
Valar dohaeris,Reddit,war,1
SMOL,Reddit,cs,1
azadi nhi milegi keep coping and keep getting shot by our forces,Reddit,en,0
Real,Reddit,fr,0
SAME!!,Reddit,ja,0
i LOVE,YouTube,ja,0
AquÃ­ los que viene por lo de la beca,YouTube,es,1
sArcAsM,Reddit,ro,1
Lil psychosis (bipolar),Reddit,id,0
BRUH,Reddit,an,1
Lil smegma,Reddit,hu,1
Very funny ğŸ¤£ğŸ¤£ğŸ¤£,Reddit,ja,0
Lil h pylori,Reddit,fi,0
Same,Reddit,es,1
ĞœĞ•ĞĞ¯ Ğ—ĞĞ¢Ğ ĞĞ›Ğ˜Ğ›Ğ˜!!!,YouTube,uk,1
19-20 ka fark hain,Reddit,tr,1
Lil dengue,Reddit,ms,1
r/itswooooshwith4os,Reddit,it,1
lil dengue,Reddit,ms,1
lil dengue,Reddit,ms,1
lil dengue,Reddit,ms,1
"Hi guys, i'm here",YouTube,en,0
[removed],Reddit,gom,1
sArcAsM,Reddit,ro,1
Lil psychosis (bipolar),Reddit,id,0
LMAO ğŸ˜‚ğŸ˜‚ğŸ˜‚.,Reddit,uk,1
Yo wtf,Reddit,ie,1
Ooh shit y9u teach kaama sutra on comment maan,Reddit,fi,1
Lil pnemonea,Reddit,sh,1
Ooh shit y9u teach kaama sutra on comment maan,Reddit,fi,1
Kinda rude.,Reddit,it,1
Lil pnemonea,Reddit,sh,1
â¤ï¸,Reddit,bg,1
Lil h pylori,Reddit,fi,0
LIL C@NCER,Reddit,pa,1
ouch,Reddit,kk,1
Lil cuff,Reddit,hr,0
Ğ“Ğ´Ğµ Ñ€Ğ¾Ğ±Ğ»ÑƒĞºÑÑ‹,YouTube,ru,1
"Ğ­, Ğ° Ğ³Ğ´Ğµ Ñ‚ÑƒÑ‚ Ğ±ĞµÑĞ¿Ğ»Ğ°Ğ´Ğ½Ğ°Ñ Ğ¿Ğ¾Ğ´Ğ°Ñ€Ğ¾Ñ‡Ğ½Ğ°Ñ ĞºĞ°Ñ€Ñ‚Ğ° ÑÑ‚Ğ¸Ğ¼Ğ° ? ğŸ˜¢",YouTube,ru,0
lil black eye,Reddit,en,1
lil fracture,Reddit,fr,1
BRUH,Reddit,an,1
So here we areâ€¦,YouTube,uk,0
Mammaaaa,Reddit,vi,1
Lil coma,Reddit,zh,1
Yo wtf,Reddit,ie,1
Lil psychosis (bipolar),Reddit,id,0
ĞœĞ½Ğµ ÑĞºĞ°Ğ·Ğ°Ğ»Ğ¸ Ñ‚ÑƒÑ‚ Ğ±ĞµÑĞ¿Ğ»Ğ°Ñ‚Ğ½Ñ‹Ğµ Ñ€Ğ¾Ğ±ÑƒĞºÑÑ‹ Ğ° Ğ³Ğ´Ğµ,YouTube,ru,0
Lil root canal,Reddit,pt,1
Lil 'dengue,Reddit,tr,1
ğŸ™‚,Reddit,vi,1
r/itswooooshwith4os,Reddit,it,1
Lot pot zok saar so puny,Reddit,cs,1
Lil typhoid,Reddit,pl,1
Sadak se utha kar Car bana dunga...,Reddit,tr,1
Mammaaaa,Reddit,vi,1
ouch,Reddit,kk,1
Lil gynocomastia,Reddit,sv,1
Lil Gas,Reddit,en,1
[removed],Reddit,gom,1
Thatâ€™s Jason Bateman,Reddit,ru,0
Lil jaundice,Reddit,lv,0
Lil psychosis (bipolar),Reddit,id,0
true,Reddit,fa,0
Ooh shit y9u teach kaama sutra on comment maan,Reddit,fi,1
So here we areâ€¦,YouTube,uk,0
Yo wtf,Reddit,ie,1
Lil dengue,Reddit,ms,1
Lil Gonorrhea,Reddit,hr,1
Fuck my manâ€™s gettin night tan,Reddit,de,1
LMAO ğŸ˜‚ğŸ˜‚ğŸ˜‚.,Reddit,uk,1
ğŸ¤£ğŸ˜‚ğŸ¤£ğŸ˜‚ğŸ¤£ğŸ˜‚ğŸ¤£ğŸ˜‚ğŸ¤£,Reddit,sv,1
Y dicen que los hombres son mejores es sus 30... ğŸ˜‚ğŸ˜‚ğŸ˜‚ Que gran mentira...  Miren a ese chico en el vÃ­deo... Ganador y en lo mÃ¡s alto...  La mejor etapa de un hombre es entre sus 20 a los 30.. su mejor momento... EnergÃ­a al mÃ¡ximo.. ganas de vivir... Juventud al mÃ¡ximo... Mas posibilidades de triunfar... Mas posibilidades de encontrar una vida... La paciencia es la clave del Ã©xito...  Tengo 24 aÃ±os y me siento en mi mejor momento.... La juventud sale por mi piel...,YouTube,es,0
lil swollen foot,Reddit,de,1
Lil duty(?),Reddit,eu,1
â¤ï¸,Reddit,bg,1
10?...,Reddit,pl,1
ouch,Reddit,kk,1
Lot pot zok saar so puny,Reddit,cs,1
[removed],Reddit,gom,1
"ABURRE ESTA CANCION , La ponen a Tocar cada segundo.",YouTube,es,1
LIL C@NCER,Reddit,pa,1
Lil gynocomastia,Reddit,sv,1
namaskarr ğŸ™,Reddit,sv,1
SMOL,Reddit,cs,1
Lil pnemonea,Reddit,sh,1
"Forget about the sword, it's tinier than a pencil needle",Reddit,en,1
â¤ï¸,Reddit,bg,1
lol cry more.,Reddit,en,1
lil dengue,Reddit,ms,1
Lil smegma,Reddit,hu,1
Lil h pylori,Reddit,fi,0
Lil pnemonea,Reddit,sh,1
lil typhoid,Reddit,pl,1
ouch,Reddit,kk,1
Lil Dengue,Reddit,fr,1
Yo wtf,Reddit,ie,1
Lil typhoid,Reddit,pl,1
Lil baby boy ğŸ˜…,Reddit,nl,0
Yo wtf,Reddit,ie,1
no way i just got rickrolled in the big 25,YouTube,en,0
ur the one who's crying,Reddit,en,0
LIL C@NCER,Reddit,pa,1
Lil Gunya,Reddit,id,1
ğŸ˜‚ğŸ˜‚ğŸ˜‚,Reddit,nl,1
rip johnny,Reddit,it,1
Sadak se utha kar Car bana dunga...,Reddit,tr,1
Lil tetanus,Reddit,hu,0
Lil pnemonea,Reddit,sh,1
lil uzi,Reddit,eo,1
Thatâ€™s Jason Bateman,Reddit,ru,0
LIL C@NCER,Reddit,pa,1
Yo wtf,Reddit,ie,1
Thatâ€™s Jason Bateman,Reddit,ru,0
â¤ï¸,Reddit,bg,1
Lil uti,Reddit,it,1
Lil h pylori,Reddit,fi,0
Valar dohaeris,Reddit,war,1
lil h-pylori,Reddit,hu,1
Lil jaundice,Reddit,lv,0
BRUH,Reddit,an,1
ouch,Reddit,kk,1
Lil ligma,Reddit,hr,1
LIL C@NCER,Reddit,pa,1
Lil h pylori,Reddit,fi,0
sArcAsM,Reddit,ro,1
sArcAsM,Reddit,ro,1
Lil jaundice,Reddit,lv,0
A love tap?,Reddit,ja,0
Lil typhoid,Reddit,pl,1
Lil h pylori,Reddit,fi,0
Lil h pylori,Reddit,fi,0
true,Reddit,fa,0
lil dengue,Reddit,ms,1
LIL C@NCER,Reddit,pa,1
ğŸ˜‚,Reddit,ru,1
sArcAsM,Reddit,ro,1
Lil jaundice,Reddit,lv,0
Lil fissure in ano,Reddit,pt,1
19-20 ka fark hain,Reddit,tr,1
Kinda rude.,Reddit,it,1
Lil SinusğŸ´â€â˜ ï¸,Reddit,nl,0
LIL C@NCER,Reddit,pa,1
10?...,Reddit,pl,1
Valar dohaeris,Reddit,war,1
So here we areâ€¦,YouTube,uk,0
Lil pnemonea,Reddit,sh,1
â¤ï¸,Reddit,bg,1
Lil cuff,Reddit,hr,0
lil toe fracture,Reddit,fr,0
sArcAsM,Reddit,ro,1
fuck youtube ğŸ˜¡,YouTube,ja,1
Ooh shit y9u teach kaama sutra on comment maan,Reddit,fi,1
Lil pnemonea,Reddit,sh,1
Lil fissure in ano,Reddit,pt,1
Lil dengue,Reddit,ms,1
Lil pnemonea,Reddit,sh,1
Lil coma,Reddit,zh,1
Sadak se utha kar Car bana dunga...,Reddit,tr,1
lil malaria,Reddit,eo,1
+1,Reddit,it,0
rip johnny,Reddit,it,1
Lil Root Canal,Reddit,es,1
ğŸ˜‚ğŸ˜‚ğŸ˜‚,Reddit,nl,1
ğŸ˜‚,Reddit,ru,1
Lot pot zok saar so puny,Reddit,cs,1
Ğ“Ğ´Ğµ Ñ€Ğ¾Ğ±Ğ»ÑƒĞºÑÑ‹,YouTube,ru,1
Lil fever ğŸ¥µ,Reddit,pt,1
Lil psychosis (bipolar),Reddit,id,0
BRUH,Reddit,an,1
Lil fever.,Reddit,pt,0
BRUH,Reddit,an,1
Lil tetanus,Reddit,hu,0
Lil eczema,Reddit,pl,1
â¤ï¸,Reddit,bg,1
Ooh shit y9u teach kaama sutra on comment maan,Reddit,fi,1
Lil duty(?),Reddit,eu,1
Ğ Ğ³Ğ´Ğµ Ğ¼Ğ¾Ğ¸ Ñ€Ğ¾Ğ±ÑƒĞºÑÑ‹?(,YouTube,ru,1
Valar dohaeris,Reddit,war,1
LMAO ğŸ˜‚ğŸ˜‚ğŸ˜‚.,Reddit,uk,1
Valar dohaeris,Reddit,war,1
SAME!!,Reddit,ja,0
Lil Fever.,Reddit,pt,0
[removed],Reddit,gom,1
ğŸ™‚,Reddit,vi,1
Lil Gastritis,Reddit,es,0
Valar dohaeris,Reddit,war,1
â¤ï¸,Reddit,bg,1
true,Reddit,fa,0
LIL C@NCER,Reddit,pa,1
Yo wtf,Reddit,ie,1
"Lil pneumonia ( 19 yrs ago , i am 20)",Reddit,es,0
Lil ligma,Reddit,hr,1
BRUH,Reddit,an,1
ãƒœã‚¤ã‚¹ãŒç¾ã—ã„,YouTube,ja,0
Mammaaaa,Reddit,vi,1
ouch,Reddit,kk,1
Sadak se utha kar Car bana dunga...,Reddit,tr,1
Lot pot zok saar so puny,Reddit,cs,1
LIL C@NCER,Reddit,pa,1
lmaoooooo,Reddit,it,1
ğŸ¤£ğŸ˜‚ğŸ¤£ğŸ˜‚ğŸ¤£ğŸ˜‚ğŸ¤£ğŸ˜‚ğŸ¤£,Reddit,sv,1
Valar dohaeris,Reddit,war,1
ğŸ˜‚,Reddit,ru,1
SMOL,Reddit,cs,1
namaskarr ğŸ™,Reddit,sv,1
Lil Insomnia,Reddit,fr,1
Lil jaundice,Reddit,lv,0
Lil pnemonea,Reddit,sh,1
Yo wtf,Reddit,ie,1
ĞœĞ•ĞĞ¯ Ğ—ĞĞ¢Ğ ĞĞ›Ğ˜Ğ›Ğ˜!!!,YouTube,uk,1
BRUH,Reddit,an,1
Yo wtf,Reddit,ie,1
Lil Gunya,Reddit,id,1
Lil 'dengue,Reddit,tr,1
Lil duty(?),Reddit,eu,1
Y dicen que los hombres son mejores es sus 30... ğŸ˜‚ğŸ˜‚ğŸ˜‚ Que gran mentira...  Miren a ese chico en el vÃ­deo... Ganador y en lo mÃ¡s alto...  La mejor etapa de un hombre es entre sus 20 a los 30.. su mejor momento... EnergÃ­a al mÃ¡ximo.. ganas de vivir... Juventud al mÃ¡ximo... Mas posibilidades de triunfar... Mas posibilidades de encontrar una vida... La paciencia es la clave del Ã©xito...  Tengo 24 aÃ±os y me siento en mi mejor momento.... La juventud sale por mi piel...,YouTube,es,0
Lil eczema,Reddit,pl,1
Lil 'dengue,Reddit,tr,1
SMOL,Reddit,cs,1
Lil vomitz,Reddit,de,1
u/repostsleuthbot,Reddit,de,1
Lil sinusitis,Reddit,de,0
Sadak se utha kar Car bana dunga...,Reddit,tr,1
Lil SinusğŸ´â€â˜ ï¸,Reddit,nl,0
Lil OPD ğŸ˜‚,Reddit,pl,1
Lil vomitz,Reddit,de,1
fuck youtube ğŸ˜¡,YouTube,ja,1
LIL C@NCER,Reddit,pa,1
Yo wtf,Reddit,ie,1
BRUH,Reddit,an,1
Lil fever ğŸ¥µ,Reddit,pt,1
BRUH,Reddit,an,1
Lil h pylori,Reddit,fi,0
Wellâ€¦,Reddit,de,0
ouch,Reddit,kk,1
Lil Gastritis.,Reddit,eo,0
true,Reddit,fa,0
Lil concussion. Goes kinda hard,Reddit,en,0
Lil h pylori,Reddit,fi,0
â¤ï¸,Reddit,bg,1
Lil smegma,Reddit,hu,1
Lil jaundice,Reddit,lv,0
Yo wtf,Reddit,ie,1
i LOVE,YouTube,ja,0
ouch,Reddit,kk,1
Lil fissure in ano,Reddit,pt,1
Lil ligma,Reddit,hr,1
Valar dohaeris,Reddit,war,1
Bhai JEENEETards se idhar kese,Reddit,pt,1
Hahah TRUE ğŸ˜‚,Reddit,de,0
LIL C@NCER,Reddit,pa,1
Im Fuckin g9dğŸ˜‚,YouTube,de,1
[removed],Reddit,gom,1
Valar dohaeris,Reddit,war,1
Lil Gastritis,Reddit,es,0
Very funny ğŸ¤£ğŸ¤£ğŸ¤£,Reddit,ja,0
true,Reddit,fa,0
sArcAsM,Reddit,ro,1
ğŸ¤¯ğŸ¤¯,Reddit,zh,1
19-20 ka fark hain,Reddit,tr,1
Lil jaundice,Reddit,lv,0
Lil 'dengue,Reddit,tr,1
Lil smegma,Reddit,hu,1
BRUH,Reddit,an,1
Lil h pylori,Reddit,fi,0
Very funny ğŸ¤£ğŸ¤£ğŸ¤£,Reddit,ja,0
Lil slip disc,Reddit,en,1
Lil jaundice,Reddit,lv,0
ğŸ™‚,Reddit,vi,1
BRUH,Reddit,an,1
lil tetanus,Reddit,hu,0
"Ğ­, Ğ° Ğ³Ğ´Ğµ Ñ‚ÑƒÑ‚ Ğ±ĞµÑĞ¿Ğ»Ğ°Ğ´Ğ½Ğ°Ñ Ğ¿Ğ¾Ğ´Ğ°Ñ€Ğ¾Ñ‡Ğ½Ğ°Ñ ĞºĞ°Ñ€Ñ‚Ğ° ÑÑ‚Ğ¸Ğ¼Ğ° ? ğŸ˜¢",YouTube,ru,0
Lil SinusğŸ´â€â˜ ï¸,Reddit,nl,0
Thatâ€™s Jason Bateman,Reddit,ru,0
Mammaaaa,Reddit,vi,1
â¤ï¸,Reddit,bg,1
Lil psychosis (bipolar),Reddit,id,0
[removed],Reddit,gom,1
namaskarr ğŸ™,Reddit,sv,1
Ğ“Ğ´Ğµ Ñ€Ğ¾Ğ±Ğ»ÑƒĞºÑÑ‹,YouTube,ru,1
ğŸ’¯,Reddit,de,1
sArcAsM,Reddit,ro,1
fuck youtube ğŸ˜¡,YouTube,ja,1
Lil tetanus,Reddit,hu,0
BRUH,Reddit,an,1
Yo wtf,Reddit,ie,1
ouch,Reddit,kk,1
Lil Insomnia,Reddit,fr,1
19-20 ka fark hain,Reddit,tr,1
LIL C@NCER,Reddit,pa,1
ğŸ™‚,Reddit,vi,1
lil jaundice,Reddit,lv,0
BRUH,Reddit,an,1
Lil Root Canal,Reddit,es,1
LIL TORN LCL.,Reddit,zh,1
Lil Gonorrhea,Reddit,hr,1
Lil coma,Reddit,zh,1
Lil dengue,Reddit,ms,1
Lil dengue,Reddit,ms,1
sArcAsM,Reddit,ro,1
Ooh shit y9u teach kaama sutra on comment maan,Reddit,fi,1
Lil fever ğŸ˜,Reddit,pt,1
ğŸ¤£ğŸ˜‚ğŸ¤£ğŸ˜‚ğŸ¤£ğŸ˜‚ğŸ¤£ğŸ˜‚ğŸ¤£,Reddit,sv,1
sArcAsM,Reddit,ro,1
Lil duty(?),Reddit,eu,1
â¤ï¸,Reddit,bg,1
â¤ï¸,Reddit,bg,1
Lil vomitz,Reddit,de,1
Yo wtf,Reddit,ie,1
ouch,Reddit,kk,1
Lil Gastritis.,Reddit,eo,0
ouch,Reddit,kk,1
Valar dohaeris,Reddit,war,1
ğŸ¤£ğŸ˜‚ğŸ¤£ğŸ˜‚ğŸ¤£ğŸ˜‚ğŸ¤£ğŸ˜‚ğŸ¤£,Reddit,sv,1
i LOVE,YouTube,ja,0
19-20 ka fark hain,Reddit,tr,1
ğŸ˜‚,Reddit,ru,1
Lil sinusitis,Reddit,de,0
fuck youtube ğŸ˜¡,YouTube,ja,1
i LOVE,YouTube,ja,0
Lil dangue,Reddit,fr,1
Mammaaaa,Reddit,vi,1
BRUH,Reddit,an,1
Lil Dengue ğŸ¦Ÿ,Reddit,eu,1
Lil vaccine!,Reddit,it,0
rip johnny,Reddit,it,1
Lil cuff,Reddit,hr,0
Lil vomit,Reddit,de,1
Valar dohaeris,Reddit,war,1
ĞœĞ•ĞĞ¯ Ğ—ĞĞ¢Ğ ĞĞ›Ğ˜Ğ›Ğ˜!!!,YouTube,uk,1
Lil dead,Reddit,it,0
lil uzi,Reddit,eo,1
r/tipofmytongue,Reddit,fr,1
sArcAsM,Reddit,ro,1
[removed],Reddit,gom,1
Lil jaundice,Reddit,lv,0
Ooh shit y9u teach kaama sutra on comment maan,Reddit,fi,1
true,Reddit,fa,0
[removed],Reddit,gom,1
Mammaaaa,Reddit,vi,1
Valar dohaeris,Reddit,war,1
BRUH,Reddit,an,1
ğŸ™‚,Reddit,vi,1
ğŸ™‚,Reddit,vi,1
Ğ“Ğ´Ğµ Ñ€Ğ¾Ğ±Ğ»ÑƒĞºÑÑ‹,YouTube,ru,1
ouch,Reddit,kk,1
So here we areâ€¦,YouTube,uk,0
BRUH,Reddit,an,1
rickrolled @thekingte,YouTube,de,1
Yo wtf,Reddit,ie,1
ğŸ™‚,Reddit,vi,1
SMOL,Reddit,cs,1
Valar dohaeris,Reddit,war,1
BRUH,Reddit,an,1
ĞœĞ•ĞĞ¯ Ğ—ĞĞ¢Ğ ĞĞ›Ğ˜Ğ›Ğ˜!!!,YouTube,uk,1
Ooh shit y9u teach kaama sutra on comment maan,Reddit,fi,1
LIL C@NCER,Reddit,pa,1
LIL C@NCER,Reddit,pa,1
Lil typhoid,Reddit,pl,1
ĞœĞ•ĞĞ¯ Ğ—ĞĞ¢Ğ ĞĞ›Ğ˜Ğ›Ğ˜!!!,YouTube,uk,1
Lil SinusğŸ´â€â˜ ï¸,Reddit,nl,0
Lil cuff,Reddit,hr,0
Ğ“Ğ´Ğµ Ñ€Ğ¾Ğ±Ğ»ÑƒĞºÑÑ‹,YouTube,ru,1
Valar dohaeris,Reddit,war,1
Lil jaundice,Reddit,lv,0
true,Reddit,fa,0
Kinda rude.,Reddit,it,1
Lil pnemonea,Reddit,sh,1
Lil pnemonea,Reddit,sh,1
Lil tetanus,Reddit,hu,0
Lil psychosis (bipolar),Reddit,id,0
Lil Gastritis.,Reddit,eo,0
Lil Dengue ğŸ¦Ÿ,Reddit,eu,1
Lil duty(?),Reddit,eu,1
Lil pnemonea,Reddit,sh,1
Lil h pylori,Reddit,fi,0
LIL C@NCER,Reddit,pa,1
Ğ“Ğ´Ğµ Ñ€Ğ¾Ğ±Ğ»ÑƒĞºÑÑ‹,YouTube,ru,1
â¤ï¸,Reddit,bg,1
Ğ“Ğ´Ğµ Ñ€Ğ¾Ğ±Ğ»ÑƒĞºÑÑ‹,YouTube,ru,1
Lil 'dengue,Reddit,tr,1
Lil gynocomastia,Reddit,sv,1
lil uzi,Reddit,eo,1
Lil psychosis (bipolar),Reddit,id,0
ğŸ˜‚ğŸ˜‚ğŸ˜‚,Reddit,nl,1
[removed],Reddit,gom,1
lil uzi,Reddit,eo,1
Sadak se utha kar Car bana dunga...,Reddit,tr,1
Very funny ğŸ¤£ğŸ¤£ğŸ¤£,Reddit,ja,0
Lil coma,Reddit,zh,1
Thatâ€™s elon musk,Reddit,de,0
Lil fissure in ano,Reddit,pt,1
lil uzi,Reddit,eo,1
LIL C@NCER,Reddit,pa,1
LIL C@NCER,Reddit,pa,1
lil h-pylori,Reddit,hu,1
Lil ligma,Reddit,hr,1
lil jaundice,Reddit,lv,0
Lil h pylori,Reddit,fi,0
ouch,Reddit,kk,1
u/savevideo,Reddit,it,0
Lil eczema,Reddit,pl,1
Lil eye Lil specs,Reddit,en,1
Lil psychosis (bipolar),Reddit,id,0
lil malaria,Reddit,eo,1
So true!,Reddit,pt,0
19-20 ka fark hain,Reddit,tr,1
Lil smegma,Reddit,hu,1
lil malaria,Reddit,eo,1
ğŸ˜‚,Reddit,ru,1
19-20 ka fark hain,Reddit,tr,1
ãƒœã‚¤ã‚¹ãŒç¾ã—ã„,YouTube,ja,0
true,Reddit,fa,0
BRUH,Reddit,an,1
Y dicen que los hombres son mejores es sus 30... ğŸ˜‚ğŸ˜‚ğŸ˜‚ Que gran mentira...  Miren a ese chico en el vÃ­deo... Ganador y en lo mÃ¡s alto...  La mejor etapa de un hombre es entre sus 20 a los 30.. su mejor momento... EnergÃ­a al mÃ¡ximo.. ganas de vivir... Juventud al mÃ¡ximo... Mas posibilidades de triunfar... Mas posibilidades de encontrar una vida... La paciencia es la clave del Ã©xito...  Tengo 24 aÃ±os y me siento en mi mejor momento.... La juventud sale por mi piel...,YouTube,es,0
Lil ligma,Reddit,hr,1
Lil tetanus,Reddit,hu,0
Lot pot zok saar so puny,Reddit,cs,1
ouch,Reddit,kk,1
Lil dangue,Reddit,fr,1
Lil dengue,Reddit,ms,1
Yo wtf,Reddit,ie,1
lil malaria,Reddit,eo,1
lil jaundice,Reddit,lv,0
Valar dohaeris,Reddit,war,1
Lil hives,Reddit,fr,0
ğŸ™‚,Reddit,vi,1
Lil psychosis (bipolar),Reddit,id,0
ĞœĞ•ĞĞ¯ Ğ—ĞĞ¢Ğ ĞĞ›Ğ˜Ğ›Ğ˜!!!,YouTube,uk,1
sArcAsM,Reddit,ro,1
Lil pnemonea,Reddit,sh,1
Lil duty(?),Reddit,eu,1
lil jaundice,Reddit,lv,0
Lil psychosis (bipolar),Reddit,id,0
LIL C@NCER,Reddit,pa,1
lil uzi,Reddit,eo,1
Lil psychosis (bipolar),Reddit,id,0
Lil tetanus,Reddit,hu,0
lil typhoid,Reddit,pl,1
Lot pot zok saar so puny,Reddit,cs,1
Lil pnemonea,Reddit,sh,1
Valar dohaeris,Reddit,war,1
Probably gonna die,Reddit,de,0
Mammaaaa,Reddit,vi,1
sArcAsM,Reddit,ro,1
Lil sinusitis,Reddit,de,0
Lil pnemonea,Reddit,sh,1
Lil eczema,Reddit,pl,1
Lil Gonorrhea,Reddit,hr,1
Yo wtf,Reddit,ie,1
Lil typhoid,Reddit,pl,1
lil dengue,Reddit,ms,1
lil malaria,Reddit,eo,1
ouch,Reddit,kk,1
Bhai JEENEETards se idhar kese,Reddit,pt,1
â¤ï¸,Reddit,bg,1
ouch,Reddit,kk,1
Lil jaundice,Reddit,lv,0
SMOL,Reddit,cs,1
Lil OPD ğŸ˜‚,Reddit,pl,1
fuck youtube ğŸ˜¡,YouTube,ja,1
Y dicen que los hombres son mejores es sus 30... ğŸ˜‚ğŸ˜‚ğŸ˜‚ Que gran mentira...  Miren a ese chico en el vÃ­deo... Ganador y en lo mÃ¡s alto...  La mejor etapa de un hombre es entre sus 20 a los 30.. su mejor momento... EnergÃ­a al mÃ¡ximo.. ganas de vivir... Juventud al mÃ¡ximo... Mas posibilidades de triunfar... Mas posibilidades de encontrar una vida... La paciencia es la clave del Ã©xito...  Tengo 24 aÃ±os y me siento en mi mejor momento.... La juventud sale por mi piel...,YouTube,es,0
Lil cuff,Reddit,hr,0
sArcAsM,Reddit,ro,1
"Me: it's my fucking phone, I'll give it a virus if I want!  IOS: *Your* phone? BWAAAAHAAAHHAA!",Reddit,en,1
Valar dohaeris,Reddit,war,1
Lil dengue,Reddit,ms,1
LIL C@NCER,Reddit,pa,1
ğŸ˜‚,Reddit,ru,1
sArcAsM,Reddit,ro,1
Lil Gastritis,Reddit,es,0
Lil duty(?),Reddit,eu,1
lil malaria,Reddit,eo,1
Valar dohaeris,Reddit,war,1
Ğ“Ğ´Ğµ Ñ€Ğ¾Ğ±Ğ»ÑƒĞºÑÑ‹,YouTube,ru,1
Lil TB,Reddit,it,1
Lil Dengue,Reddit,fr,1
Lil fever.,Reddit,pt,0
Yo wtf,Reddit,ie,1
Lil h pylori,Reddit,fi,0
Lil typhoid,Reddit,pl,1
what ur mom did that night!!,Reddit,en,1
Lil ligma,Reddit,hr,1
Lil fever,Reddit,pt,1
Lil jaundice,Reddit,lv,0
Lil h pylori,Reddit,fi,0
Lil OPD ğŸ˜‚,Reddit,pl,1
i LOVE,YouTube,ja,0
Lil dengue,Reddit,ms,1
Lil Bone TB,Reddit,it,1
lil malaria,Reddit,eo,1
So here we areâ€¦,YouTube,uk,0
Lil pnemonea,Reddit,sh,1
Wellâ€¦,Reddit,de,0
Lil baby boy ğŸ˜…,Reddit,nl,0
Lil fissure in ano,Reddit,pt,1
lil dengue,Reddit,ms,1
Valar dohaeris,Reddit,war,1
sArcAsM,Reddit,ro,1
LIL C@NCER,Reddit,pa,1
Yo wtf,Reddit,ie,1
Lil TB,Reddit,it,1
Lil smegma,Reddit,hu,1
r/itswooooshwith4os,Reddit,it,1
ouch,Reddit,kk,1
Lil eczema,Reddit,pl,1
Valar dohaeris,Reddit,war,1
"Lil pneumonia ( 19 yrs ago , i am 20)",Reddit,es,0
AquÃ­ los que viene por lo de la beca,YouTube,es,1
Lil Root Canal,Reddit,es,1
LIL C@NCER,Reddit,pa,1
Lil OPD ğŸ˜‚,Reddit,pl,1
lil typhoid,Reddit,pl,1
â¤ï¸,Reddit,bg,1
sArcAsM,Reddit,ro,1
Yo wtf,Reddit,ie,1
Bhai JEENEETards se idhar kese,Reddit,pt,1
ğŸ™‚,Reddit,vi,1
So true!,Reddit,pt,0
ouch,Reddit,kk,1
Lil psychosis (bipolar),Reddit,id,0
ğŸ¤¯ğŸ¤¯,Reddit,zh,1
true,Reddit,fa,0
fuck youtube ğŸ˜¡,YouTube,ja,1
lil tetanus,Reddit,hu,0
Lil ligma,Reddit,hr,1
https://i.redd.it/o095kyrpar6e1.gif,Reddit,it,0
Lil psychosis (bipolar),Reddit,id,0
Those are some 2 rich ex wives. Alien or not. Lol,Reddit,en,0
true,Reddit,fa,0
lil uzi,Reddit,eo,1
Ooh shit y9u teach kaama sutra on comment maan,Reddit,fi,1
Lil T12 L1 fracture,Reddit,fr,0
lil dengue,Reddit,ms,1
LIL C@NCER,Reddit,pa,1
ĞœĞ•ĞĞ¯ Ğ—ĞĞ¢Ğ ĞĞ›Ğ˜Ğ›Ğ˜!!!,YouTube,uk,1
Lil psychosis (bipolar),Reddit,id,0
Y dicen que los hombres son mejores es sus 30... ğŸ˜‚ğŸ˜‚ğŸ˜‚ Que gran mentira...  Miren a ese chico en el vÃ­deo... Ganador y en lo mÃ¡s alto...  La mejor etapa de un hombre es entre sus 20 a los 30.. su mejor momento... EnergÃ­a al mÃ¡ximo.. ganas de vivir... Juventud al mÃ¡ximo... Mas posibilidades de triunfar... Mas posibilidades de encontrar una vida... La paciencia es la clave del Ã©xito...  Tengo 24 aÃ±os y me siento en mi mejor momento.... La juventud sale por mi piel...,YouTube,es,0
LIL C@NCER,Reddit,pa,1
Lil Dengue ğŸ¦Ÿ,Reddit,eu,1
Lil gynocomastia,Reddit,sv,1
BRUH,Reddit,an,1
Lil duty(?),Reddit,eu,1
Lil SinusğŸ´â€â˜ ï¸,Reddit,nl,0
Lil Dengue ğŸ¦Ÿ,Reddit,eu,1
lil jaundice,Reddit,lv,0
Lil Gastritis.,Reddit,eo,0
LIL C@NCER,Reddit,pa,1
lil tetanus,Reddit,hu,0
Lil fever ğŸ¥µ,Reddit,pt,1
Mammaaaa,Reddit,vi,1
AquÃ­ los que viene por lo de la beca,YouTube,es,1
Lil 'dengue,Reddit,tr,1
lil dengue,Reddit,ms,1
Very funny ğŸ¤£ğŸ¤£ğŸ¤£,Reddit,ja,0
Lil dengue,Reddit,ms,1
lil swollen foot,Reddit,de,1
Lil Root Canal,Reddit,es,1
Lil Gonorrhea,Reddit,hr,1
Lil ligma,Reddit,hr,1
Lil coma,Reddit,zh,1
SMOL,Reddit,cs,1
Lil duty(?),Reddit,eu,1
Lil OPD ğŸ˜‚,Reddit,pl,1
lil uzi,Reddit,eo,1
Lil dengue,Reddit,ms,1
Lil eczema,Reddit,pl,1
BRUH,Reddit,an,1
ouch,Reddit,kk,1
lil malaria,Reddit,eo,1
Lil smegma,Reddit,hu,1
So here we areâ€¦,YouTube,uk,0
Lil Gastritis.,Reddit,eo,0
BRUH,Reddit,an,1
Lil ligma,Reddit,hr,1
ouch,Reddit,kk,1
Lil hives,Reddit,fr,0
So here we areâ€¦,YouTube,uk,0
[removed],Reddit,gom,1
Lil Insomnia,Reddit,fr,1
ğŸ¤¯ğŸ¤¯,Reddit,zh,1
ğŸ˜‚ğŸ˜‚ğŸ˜‚,Reddit,nl,1
Lil hiv,Reddit,fr,1
LIL TORN LCL.,Reddit,zh,1
BRUH,Reddit,an,1
Lil psychosis (bipolar),Reddit,id,0
sArcAsM,Reddit,ro,1
ğŸ¤¯ğŸ¤¯,Reddit,zh,1
lil malaria,Reddit,eo,1
10?...,Reddit,pl,1
Yo wtf,Reddit,ie,1
AquÃ­ los que viene por lo de la beca,YouTube,es,1
Lil root canal,Reddit,pt,1
ouch,Reddit,kk,1
Lil root canal,Reddit,pt,1
LIL C@NCER,Reddit,pa,1
Yo wtf,Reddit,ie,1
SMOL,Reddit,cs,1
Lil Gunya,Reddit,id,1
ğŸ¤£ğŸ˜‚ğŸ¤£ğŸ˜‚ğŸ¤£ğŸ˜‚ğŸ¤£ğŸ˜‚ğŸ¤£,Reddit,sv,1
ğŸ˜…,Reddit,fr,1
ğŸ˜‚ğŸ˜‚ğŸ˜‚,Reddit,nl,1
So here we areâ€¦,YouTube,uk,0
Lot pot zok saar so puny,Reddit,cs,1
ouch,Reddit,kk,1
Lil coma,Reddit,zh,1
Lil OPD ğŸ˜‚,Reddit,pl,1
Lil smegma,Reddit,hu,1
fuck youtube ğŸ˜¡,YouTube,ja,1
ğŸ¤¯ğŸ¤¯,Reddit,zh,1
BRUH,Reddit,an,1
Lil Gonorrhea,Reddit,hr,1
Lil ligma,Reddit,hr,1
Lil us,Reddit,en,0
ğŸ™‚,Reddit,vi,1
Wellâ€¦,Reddit,de,0
ğŸ’¯,Reddit,de,1
true,Reddit,fa,0
lil jaundice,Reddit,lv,0
ĞœĞ½Ğµ ÑĞºĞ°Ğ·Ğ°Ğ»Ğ¸ Ñ‚ÑƒÑ‚ Ğ±ĞµÑĞ¿Ğ»Ğ°Ñ‚Ğ½Ñ‹Ğµ Ñ€Ğ¾Ğ±ÑƒĞºÑÑ‹ Ğ° Ğ³Ğ´Ğµ,YouTube,ru,0
Lil dengue,Reddit,ms,1
ĞœĞ½Ğµ ÑĞºĞ°Ğ·Ğ°Ğ»Ğ¸ Ñ‚ÑƒÑ‚ Ğ±ĞµÑĞ¿Ğ»Ğ°Ñ‚Ğ½Ñ‹Ğµ Ñ€Ğ¾Ğ±ÑƒĞºÑÑ‹ Ğ° Ğ³Ğ´Ğµ,YouTube,ru,0
Lil Dengue ğŸ¦Ÿ,Reddit,eu,1
19-20 ka fark hain,Reddit,tr,1
Lil pnemonea,Reddit,sh,1
LIL TORN LCL.,Reddit,zh,1
Lil typhoid,Reddit,pl,1
Lil SinusğŸ´â€â˜ ï¸,Reddit,nl,0
lil sinusitis,Reddit,de,0
LIL C@NCER,Reddit,pa,1
Lil coma,Reddit,zh,1
Ooh shit y9u teach kaama sutra on comment maan,Reddit,fi,1
Lil h pylori,Reddit,fi,0
Lil SinusğŸ´â€â˜ ï¸,Reddit,nl,0
Lil Gunya,Reddit,id,1
true,Reddit,fa,0
ouch,Reddit,kk,1
Lil Gastritis.,Reddit,eo,0
Ooh shit y9u teach kaama sutra on comment maan,Reddit,fi,1
Lil baby boy ğŸ˜…,Reddit,nl,0
Bro this link is rickroll,YouTube,en,1
Yo wtf,Reddit,ie,1
lil tetanus,Reddit,hu,0
Lil Gunya,Reddit,id,1
Lil dengue,Reddit,ms,1
Ğ“Ğ´Ğµ Ñ€Ğ¾Ğ±Ğ»ÑƒĞºÑÑ‹,YouTube,ru,1
Lil psychosis (bipolar),Reddit,id,0
Lil pnemonea,Reddit,sh,1
Lil psychosis (bipolar),Reddit,id,0
Lil Gonorrhea,Reddit,hr,1
10?...,Reddit,pl,1
Mammaaaa,Reddit,vi,1
Lil fever,Reddit,pt,1
Lil psychosis (bipolar),Reddit,id,0
Lil jaundice,Reddit,lv,0
Lil h pylori,Reddit,fi,0
â¤ï¸,Reddit,bg,1
Lot pot zok saar so puny,Reddit,cs,1
â¤ï¸,Reddit,bg,1
Valar dohaeris,Reddit,war,1
Lil pnemonea,Reddit,sh,1
Lil Gastritis.,Reddit,eo,0
lil dengue,Reddit,ms,1
Lil duty(?),Reddit,eu,1
Mammaaaa,Reddit,vi,1
LIL C@NCER,Reddit,pa,1
SMOL,Reddit,cs,1
Probably gonna die,Reddit,de,0
"Ğ­, Ğ° Ğ³Ğ´Ğµ Ñ‚ÑƒÑ‚ Ğ±ĞµÑĞ¿Ğ»Ğ°Ğ´Ğ½Ğ°Ñ Ğ¿Ğ¾Ğ´Ğ°Ñ€Ğ¾Ñ‡Ğ½Ğ°Ñ ĞºĞ°Ñ€Ñ‚Ğ° ÑÑ‚Ğ¸Ğ¼Ğ° ? ğŸ˜¢",YouTube,ru,0
Lil Dengue,Reddit,fr,1
Lil jaundice,Reddit,lv,0
Lil Fever.,Reddit,pt,0
[removed],Reddit,gom,1
lil dengue,Reddit,ms,1
A love tap?,Reddit,ja,0
Lil smegma,Reddit,hu,1
â¤ï¸,Reddit,bg,1
ãƒœã‚¤ã‚¹ãŒç¾ã—ã„,YouTube,ja,0
Lil tetanus,Reddit,hu,0
Lil wrist surgery,Reddit,en,1
Lil baby boy ğŸ˜…,Reddit,nl,0
lil malaria,Reddit,eo,1
Lil dengue,Reddit,ms,1
Lil eczema,Reddit,pl,1
Lil h pylori,Reddit,fi,0
[removed],Reddit,gom,1
lil uzi,Reddit,eo,1
BRUH,Reddit,an,1
lil dengue,Reddit,ms,1
true,Reddit,fa,0
Lil pnemonea,Reddit,sh,1
Lil Gastritis.,Reddit,eo,0
Lot pot zok saar so puny,Reddit,cs,1
SMOL,Reddit,cs,1
[removed],Reddit,gom,1
lil uzi,Reddit,eo,1
Lil fever.,Reddit,pt,0
Lil psychosis (bipolar),Reddit,id,0
Yo wtf,Reddit,ie,1
Yo wtf,Reddit,ie,1
A love tap?,Reddit,ja,0
ĞœĞ•ĞĞ¯ Ğ—ĞĞ¢Ğ ĞĞ›Ğ˜Ğ›Ğ˜!!!,YouTube,uk,1
Lil baby boy ğŸ˜…,Reddit,nl,0
A love tap?,Reddit,ja,0
BRUH,Reddit,an,1
ouch,Reddit,kk,1
Lil gynocomastia,Reddit,sv,1
Lil duty(?),Reddit,eu,1
i LOVE,YouTube,ja,0
Lil Dengue ğŸ¦Ÿ,Reddit,eu,1
BRUH,Reddit,an,1
Sadak se utha kar Car bana dunga...,Reddit,tr,1
Yo wtf,Reddit,ie,1
lil dengue,Reddit,ms,1
A love tap?,Reddit,ja,0
lil typhoid,Reddit,pl,1
lil jaundice,Reddit,lv,0
Lil SinusğŸ´â€â˜ ï¸,Reddit,nl,0
Lil fever,Reddit,pt,1
Ğ“Ğ´Ğµ Ñ€Ğ¾Ğ±Ğ»ÑƒĞºÑÑ‹,YouTube,ru,1
ğŸ¤£ğŸ˜‚ğŸ¤£ğŸ˜‚ğŸ¤£ğŸ˜‚ğŸ¤£ğŸ˜‚ğŸ¤£,Reddit,sv,1
LIL C@NCER,Reddit,pa,1
Ooh shit y9u teach kaama sutra on comment maan,Reddit,fi,1
[removed],Reddit,gom,1
Lil h pylori,Reddit,fi,0
Lil jaundice,Reddit,lv,0
19-20 ka fark hain,Reddit,tr,1
BRUH,Reddit,an,1
lil uzi,Reddit,eo,1
BRUH,Reddit,an,1
Haha true,Reddit,de,0
Lil dengue,Reddit,ms,1
lil dengue,Reddit,ms,1
Lil cuff,Reddit,hr,0
Lil eczema,Reddit,pl,1
ouch,Reddit,kk,1
[removed],Reddit,gom,1
Lot pot zok saar so puny,Reddit,cs,1
ouch,Reddit,kk,1
â¤ï¸,Reddit,bg,1
BRUH,Reddit,an,1
"Lil pneumonia ( 19 yrs ago , i am 20)",Reddit,es,0
â¤ï¸,Reddit,bg,1
lil uzi,Reddit,eo,1
Lil pnemonea,Reddit,sh,1
Kinda rude.,Reddit,it,1
Lil psychosis (bipolar),Reddit,id,0
Mammaaaa,Reddit,vi,1
Valar dohaeris,Reddit,war,1
fuck youtube ğŸ˜¡,YouTube,ja,1
BRUH,Reddit,an,1
"Ğ­, Ğ° Ğ³Ğ´Ğµ Ñ‚ÑƒÑ‚ Ğ±ĞµÑĞ¿Ğ»Ğ°Ğ´Ğ½Ğ°Ñ Ğ¿Ğ¾Ğ´Ğ°Ñ€Ğ¾Ñ‡Ğ½Ğ°Ñ ĞºĞ°Ñ€Ñ‚Ğ° ÑÑ‚Ğ¸Ğ¼Ğ° ? ğŸ˜¢",YouTube,ru,0
ouch,Reddit,kk,1
lil dengue,Reddit,ms,1
true,Reddit,fa,0
Lil pnemonea,Reddit,sh,1
19-20 ka fark hain,Reddit,tr,1
Lil eczema,Reddit,pl,1
Lil h pylori,Reddit,fi,0
Y dicen que los hombres son mejores es sus 30... ğŸ˜‚ğŸ˜‚ğŸ˜‚ Que gran mentira...  Miren a ese chico en el vÃ­deo... Ganador y en lo mÃ¡s alto...  La mejor etapa de un hombre es entre sus 20 a los 30.. su mejor momento... EnergÃ­a al mÃ¡ximo.. ganas de vivir... Juventud al mÃ¡ximo... Mas posibilidades de triunfar... Mas posibilidades de encontrar una vida... La paciencia es la clave del Ã©xito...  Tengo 24 aÃ±os y me siento en mi mejor momento.... La juventud sale por mi piel...,YouTube,es,0
Lil 'dengue,Reddit,tr,1
lil malaria,Reddit,eo,1
namaskarr ğŸ™,Reddit,sv,1
Lot pot zok saar so puny,Reddit,cs,1
So here we areâ€¦,YouTube,uk,0
Lil fever ğŸ¥µ,Reddit,pt,1
Lil fissure in ano,Reddit,pt,1
LIL C@NCER,Reddit,pa,1
Lil pnemonea,Reddit,sh,1
Lil jaundice,Reddit,lv,0
Lil Premature Ejaculation,Reddit,en,0
Lil gynocomastia,Reddit,sv,1
true,Reddit,fa,0
"Lil pneumonia ( 19 yrs ago , i am 20)",Reddit,es,0
ğŸ™‚,Reddit,vi,1
Valar dohaeris,Reddit,war,1
lil dengue,Reddit,ms,1
Sadak se utha kar Car bana dunga...,Reddit,tr,1
ğŸ˜¢ğŸ˜¢ğŸ˜¢ğŸ‰ğŸ‰ğŸ˜‚ğŸ˜‚,YouTube,it,1
sArcAsM,Reddit,ro,1
Lil jaundice,Reddit,lv,0
ouch,Reddit,kk,1
LIL C@NCER,Reddit,pa,1
Ooh shit y9u teach kaama sutra on comment maan,Reddit,fi,1
true,Reddit,fa,0
Lil Gunya,Reddit,id,1
Lot pot zok saar so puny,Reddit,cs,1
Lil coma,Reddit,zh,1
LIL C@NCER,Reddit,pa,1
namaskarr ğŸ™,Reddit,sv,1
Hahah TRUE ğŸ˜‚,Reddit,de,0
lil malaria,Reddit,eo,1
Lil SinusğŸ´â€â˜ ï¸,Reddit,nl,0
lil fracture,Reddit,fr,1
Lil Respiratory Infection,Reddit,en,0
â¤ï¸,Reddit,bg,1
true,Reddit,fa,0
Lil vomit,Reddit,de,1
Lil jaundice,Reddit,lv,0
+1,Reddit,it,0
i LOVE,YouTube,ja,0
Lil pnemonea,Reddit,sh,1
lil typhoid,Reddit,pl,1
ãƒœã‚¤ã‚¹ãŒç¾ã—ã„,YouTube,ja,0
[removed],Reddit,gom,1
namaskarr ğŸ™,Reddit,sv,1
lil dengue,Reddit,ms,1
"Lil pneumonia ( 19 yrs ago , i am 20)",Reddit,es,0
Fuck my manâ€™s gettin night tan,Reddit,de,1
lil fever,Reddit,pt,1
Lil ligma,Reddit,hr,1
BRUH,Reddit,an,1
Lil Gonorrhea,Reddit,hr,1
ouch,Reddit,kk,1
i LOVE,YouTube,ja,0
Lil baby boy ğŸ˜…,Reddit,nl,0
lil typhoid,Reddit,pl,1
lil jaundice,Reddit,lv,0
[removed],Reddit,gom,1
Lil Dengue ğŸ¦Ÿ,Reddit,eu,1
LIL C@NCER,Reddit,pa,1
Lil jaundice,Reddit,lv,0
ĞœĞ½Ğµ ÑĞºĞ°Ğ·Ğ°Ğ»Ğ¸ Ñ‚ÑƒÑ‚ Ğ±ĞµÑĞ¿Ğ»Ğ°Ñ‚Ğ½Ñ‹Ğµ Ñ€Ğ¾Ğ±ÑƒĞºÑÑ‹ Ğ° Ğ³Ğ´Ğµ,YouTube,ru,0
Lil T12 L1 fracture,Reddit,fr,0
lil jaundice,Reddit,lv,0
Lil pnemonea,Reddit,sh,1
LMAO ğŸ˜‚ğŸ˜‚ğŸ˜‚.,Reddit,uk,1
"wow saaar so funny saar , how can I learn such exquisite humour like yours?",Reddit,en,0
â¤ï¸,Reddit,bg,1
[removed],Reddit,gom,1
true,Reddit,fa,0
ğŸ¤¯ğŸ¤¯,Reddit,zh,1
u/repostsleuthbot,Reddit,de,1
LMAO ğŸ˜‚ğŸ˜‚ğŸ˜‚.,Reddit,uk,1
A love tap?,Reddit,ja,0
namaskarr ğŸ™,Reddit,sv,1
Yo wtf,Reddit,ie,1
sArcAsM,Reddit,ro,1
Lil Insomnia,Reddit,fr,1
Probably gonna die,Reddit,de,0
sArcAsM,Reddit,ro,1
Lil SinusğŸ´â€â˜ ï¸,Reddit,nl,0
Lot pot zok saar so puny,Reddit,cs,1
lil uzi,Reddit,eo,1
r/itswooooshwith4os,Reddit,it,1
Lil psychosis (bipolar),Reddit,id,0
Lil ligma,Reddit,hr,1
Lot pot zok saar so puny,Reddit,cs,1
19-20 ka fark hain,Reddit,tr,1
10?...,Reddit,pl,1
Lot pot zok saar so puny,Reddit,cs,1
BRUH,Reddit,an,1
BRUH,Reddit,an,1
Lil Dengue,Reddit,fr,1
Lil ligma,Reddit,hr,1
Lil Dengue ğŸ¦Ÿ,Reddit,eu,1
namaskarr ğŸ™,Reddit,sv,1
ğŸ¤£ğŸ˜‚ğŸ¤£ğŸ˜‚ğŸ¤£ğŸ˜‚ğŸ¤£ğŸ˜‚ğŸ¤£,Reddit,sv,1
"ABURRE ESTA CANCION , La ponen a Tocar cada segundo.",YouTube,es,1
Lil sinusitis,Reddit,de,0
lil jaundice,Reddit,lv,0
Lil kidney stone,Reddit,en,0
BRUH,Reddit,an,1
LIL C@NCER,Reddit,pa,1
â¤ï¸,Reddit,bg,1
lil swollen foot,Reddit,de,1
What do you mean who did this? It's real,Reddit,en,1
true,Reddit,fa,0
true,Reddit,fa,0
Mammaaaa,Reddit,vi,1
Lil dead,Reddit,it,0
Ğ“Ğ´Ğµ Ñ€Ğ¾Ğ±Ğ»ÑƒĞºÑÑ‹,YouTube,ru,1
Yo wtf,Reddit,ie,1
Lil jaundice,Reddit,lv,0
Lil Gastritis.,Reddit,eo,0
lil fever,Reddit,pt,1
ğŸ¤£ğŸ˜‚ğŸ¤£ğŸ˜‚ğŸ¤£ğŸ˜‚ğŸ¤£ğŸ˜‚ğŸ¤£,Reddit,sv,1
Valar dohaeris,Reddit,war,1
Lil duty(?),Reddit,eu,1
Lil psychosis (bipolar),Reddit,id,0
Lil Gonorrhea,Reddit,hr,1
Lot pot zok saar so puny,Reddit,cs,1
Valar dohaeris,Reddit,war,1
LIL C@NCER,Reddit,pa,1
Lil Dengue ğŸ¦Ÿ,Reddit,eu,1
lil jaundice,Reddit,lv,0
Lil coma,Reddit,zh,1
LIL C@NCER,Reddit,pa,1
namaskarr ğŸ™,Reddit,sv,1
Lil Gastritis.,Reddit,eo,0
u/savevideo,Reddit,it,0
Lil coma,Reddit,zh,1
Sadak se utha kar Car bana dunga...,Reddit,tr,1
ĞœĞ½Ğµ ÑĞºĞ°Ğ·Ğ°Ğ»Ğ¸ Ñ‚ÑƒÑ‚ Ğ±ĞµÑĞ¿Ğ»Ğ°Ñ‚Ğ½Ñ‹Ğµ Ñ€Ğ¾Ğ±ÑƒĞºÑÑ‹ Ğ° Ğ³Ğ´Ğµ,YouTube,ru,0
Lil h pylori,Reddit,fi,0
Mammaaaa,Reddit,vi,1
Lil acidity,Reddit,en,1
ĞœĞ½Ğµ ÑĞºĞ°Ğ·Ğ°Ğ»Ğ¸ Ñ‚ÑƒÑ‚ Ğ±ĞµÑĞ¿Ğ»Ğ°Ñ‚Ğ½Ñ‹Ğµ Ñ€Ğ¾Ğ±ÑƒĞºÑÑ‹ Ğ° Ğ³Ğ´Ğµ,YouTube,ru,0
SMOL,Reddit,cs,1
Lil Gastritis.,Reddit,eo,0
Yo wtf,Reddit,ie,1
Lil jaundice,Reddit,lv,0
[removed],Reddit,gom,1
sArcAsM,Reddit,ro,1
[removed],Reddit,gom,1
[removed],Reddit,gom,1
BRUH,Reddit,an,1
Ğ“Ğ´Ğµ Ñ€Ğ¾Ğ±Ğ»ÑƒĞºÑÑ‹,YouTube,ru,1
lil tetanus,Reddit,hu,0
Lil psychosis (bipolar),Reddit,id,0
ğŸ™‚,Reddit,vi,1
Valar dohaeris,Reddit,war,1
[removed],Reddit,gom,1
Lil Gonorrhea,Reddit,hr,1
Lil duty(?),Reddit,eu,1
LIL C@NCER,Reddit,pa,1
sArcAsM,Reddit,ro,1
sArcAsM,Reddit,ro,1
ğŸ˜‚,Reddit,ru,1
namaskarr ğŸ™,Reddit,sv,1
Lil typhoid,Reddit,pl,1
Lil Gonorrhea,Reddit,hr,1
lil h-pylori,Reddit,hu,1
Lil baby boy ğŸ˜…,Reddit,nl,0
Lil uti,Reddit,it,1
Lil Gastritis,Reddit,es,0
Lil ligma,Reddit,hr,1
true,Reddit,fa,0
Valar dohaeris,Reddit,war,1
Lil jaundice,Reddit,lv,0
lil dengue,Reddit,ms,1
Lil psychosis (bipolar),Reddit,id,0
Lil 'dengue,Reddit,tr,1
Lil T12 L1 fracture,Reddit,fr,0
sArcAsM,Reddit,ro,1
Lil root canal,Reddit,pt,1
Lil pnemonea,Reddit,sh,1
true,Reddit,fa,0
â¤ï¸,Reddit,bg,1
Lil ligma,Reddit,hr,1
AquÃ­ los que viene por lo de la beca,YouTube,es,1
Lil dengue,Reddit,ms,1
Lil gynocomastia,Reddit,sv,1
LMAO ğŸ˜‚ğŸ˜‚ğŸ˜‚.,Reddit,uk,1
lil dengue,Reddit,ms,1
"Lil pneumonia ( 19 yrs ago , i am 20)",Reddit,es,0
So here we areâ€¦,YouTube,uk,0
lil malaria,Reddit,eo,1
Sadak se utha kar Car bana dunga...,Reddit,tr,1
Just go to yout files,Reddit,en,0
Lil hiv,Reddit,fr,1
Ooh shit y9u teach kaama sutra on comment maan,Reddit,fi,1
SMOL,Reddit,cs,1
https://i.redd.it/o095kyrpar6e1.gif,Reddit,it,0
ouch,Reddit,kk,1
Lil psychosis (bipolar),Reddit,id,0
Lil psychosis (bipolar),Reddit,id,0
Lil TB,Reddit,it,1
ğŸ˜‚ğŸ˜‚ğŸ˜‚,Reddit,nl,1
ğŸ¤£ğŸ˜‚ğŸ¤£ğŸ˜‚ğŸ¤£ğŸ˜‚ğŸ¤£ğŸ˜‚ğŸ¤£,Reddit,sv,1
sArcAsM,Reddit,ro,1
Valar dohaeris,Reddit,war,1
"ABURRE ESTA CANCION , La ponen a Tocar cada segundo.",YouTube,es,1
i LOVE,YouTube,ja,0
LIL TORN LCL.,Reddit,zh,1
Ğ“Ğ´Ğµ Ñ€Ğ¾Ğ±Ğ»ÑƒĞºÑÑ‹,YouTube,ru,1
19-20 ka fark hain,Reddit,tr,1
r/tipofmytongue,Reddit,fr,1
"Lil pneumonia ( 19 yrs ago , i am 20)",Reddit,es,0
Lil uti,Reddit,it,1
BRUH,Reddit,an,1
Lil jaundice,Reddit,lv,0
true,Reddit,fa,0
SMOL,Reddit,cs,1
Lil dengue,Reddit,ms,1
LIL C@NCER,Reddit,pa,1
LMAO ğŸ˜‚ğŸ˜‚ğŸ˜‚.,Reddit,uk,1
Lil cuff,Reddit,hr,0
SMOL,Reddit,cs,1
[removed],Reddit,gom,1
sArcAsM,Reddit,ro,1
Ooh shit y9u teach kaama sutra on comment maan,Reddit,fi,1
Lil uti,Reddit,it,1
lmaoooooo,Reddit,it,1
Lil Gunya,Reddit,id,1
Lil Dengue ğŸ¦Ÿ,Reddit,eu,1
ouch,Reddit,kk,1
Lil baby boy ğŸ˜…,Reddit,nl,0
Yo wtf,Reddit,ie,1
Lil h pylori,Reddit,fi,0
Mammaaaa,Reddit,vi,1
lil jaundice,Reddit,lv,0
Sadak se utha kar Car bana dunga...,Reddit,tr,1
Yo wtf,Reddit,ie,1
lil jaundice,Reddit,lv,0
Lil cuff,Reddit,hr,0
sArcAsM,Reddit,ro,1
lil fracture,Reddit,fr,1
â¤ï¸,Reddit,bg,1
Haha ğŸ¤£ğŸ¤£ğŸ¤£,Reddit,hu,1
Haha ğŸ¤£ğŸ¤£ğŸ¤£,Reddit,hu,1
Lil dengue,Reddit,ms,1
Lil pnemonea,Reddit,sh,1
LMAO ğŸ˜‚ğŸ˜‚ğŸ˜‚.,Reddit,uk,1
Valar dohaeris,Reddit,war,1
Lil dengue,Reddit,ms,1
Thankx bro   ğŸ’€âœŒ,Reddit,pt,0
lil fever,Reddit,pt,1
ouch,Reddit,kk,1
Thank you,Reddit,en,0
BRUH,Reddit,an,1
ğŸ¤£ğŸ˜‚ğŸ¤£ğŸ˜‚ğŸ¤£ğŸ˜‚ğŸ¤£ğŸ˜‚ğŸ¤£,Reddit,sv,1
"Lol the new chappri gen seems to make him their idol tho. Maybe elvish is hated on dis sub and in some other places like Delhi and mumbai but overall in India where there are a lot of chappri kids, they do love him",Reddit,en,1
Lil jaundice,Reddit,lv,0
Lil Dengue ğŸ¦Ÿ,Reddit,eu,1
AquÃ­ los que viene por lo de la beca,YouTube,es,1
ğŸ¤¯ğŸ¤¯,Reddit,zh,1
Lil Jaundice,Reddit,pt,0
Lil psychosis (bipolar),Reddit,id,0
lil jaundice,Reddit,lv,0
Lil dengue,Reddit,ms,1
sArcAsM,Reddit,ro,1
So here we areâ€¦,YouTube,uk,0
Lil SinusğŸ´â€â˜ ï¸,Reddit,nl,0
Fuck my manâ€™s gettin night tan,Reddit,de,1
lil jaundice,Reddit,lv,0
Valar dohaeris,Reddit,war,1
true,Reddit,fa,0
Lil h pylori,Reddit,fi,0
[removed],Reddit,gom,1
Lil gynocomastia,Reddit,sv,1
true,Reddit,fa,0
sArcAsM,Reddit,ro,1
ğŸ¤¯ğŸ¤¯,Reddit,zh,1
Lil dengue,Reddit,ms,1
Mammaaaa,Reddit,vi,1
Same,Reddit,es,1
â¤ï¸,Reddit,bg,1
BRUH,Reddit,an,1
Same,Reddit,es,1
So true!,Reddit,pt,0
lil dengue,Reddit,ms,1
Lil coma,Reddit,zh,1
VERY TRUE!,Reddit,uk,0
Yo wtf,Reddit,ie,1
Lil Gunya,Reddit,id,1
Ok Muslim chill before you get hit by a drone,Reddit,en,0
sArcAsM,Reddit,ro,1
Lil baby boy ğŸ˜…,Reddit,nl,0
Lil h pylori,Reddit,fi,0
u/repostsleuthbot,Reddit,de,1
ğŸ¤¯ğŸ¤¯,Reddit,zh,1
namaskarr ğŸ™,Reddit,sv,1
ĞœĞ•ĞĞ¯ Ğ—ĞĞ¢Ğ ĞĞ›Ğ˜Ğ›Ğ˜!!!,YouTube,uk,1
Lot pot zok saar so puny,Reddit,cs,1
Im Fuckin g9dğŸ˜‚,YouTube,de,1
namaskarr ğŸ™,Reddit,sv,1
Lil Gunya,Reddit,id,1
ouch,Reddit,kk,1
Lil Insomnia,Reddit,fr,1
Lil psychosis (bipolar),Reddit,id,0
10?...,Reddit,pl,1
Mammaaaa,Reddit,vi,1
Very funny ğŸ¤£ğŸ¤£ğŸ¤£,Reddit,ja,0
SMOL,Reddit,cs,1
Lil 'dengue,Reddit,tr,1
Valar dohaeris,Reddit,war,1
Lil gynocomastia,Reddit,sv,1
sArcAsM,Reddit,ro,1
Lil coma,Reddit,zh,1
true,Reddit,fa,0
â¤ï¸,Reddit,bg,1
Probably gonna die,Reddit,de,0
namaskarr ğŸ™,Reddit,sv,1
Lil pnemonea,Reddit,sh,1
[removed],Reddit,gom,1
Lil pnemonea,Reddit,sh,1
Lil SinusğŸ´â€â˜ ï¸,Reddit,nl,0
i LOVE,YouTube,ja,0
Yo wtf,Reddit,ie,1
lil swollen foot,Reddit,de,1
Mammaaaa,Reddit,vi,1
Lil 'dengue,Reddit,tr,1
ğŸ’¯,Reddit,de,1
â¤ï¸,Reddit,bg,1
Very funny ğŸ¤£ğŸ¤£ğŸ¤£,Reddit,ja,0
ğŸ¤¯ğŸ¤¯,Reddit,zh,1
rip johnny,Reddit,it,1
Bhai JEENEETards se idhar kese,Reddit,pt,1
lil sinusitis,Reddit,de,0
ouch,Reddit,kk,1
Lil Gonorrhea,Reddit,hr,1
rip johnny,Reddit,it,1
sArcAsM,Reddit,ro,1
Yo wtf,Reddit,ie,1
sArcAsM,Reddit,ro,1
lil uzi,Reddit,eo,1
Ooh shit y9u teach kaama sutra on comment maan,Reddit,fi,1
Lil typhoid,Reddit,pl,1
Lil pnemonea,Reddit,sh,1
true,Reddit,fa,0
Yo wtf,Reddit,ie,1
Lil Gonorrhea,Reddit,hr,1
true,Reddit,fa,0
LIL C@NCER,Reddit,pa,1
â¤ï¸,Reddit,bg,1
VERY TRUE!,Reddit,uk,0
ouch,Reddit,kk,1
Lil baby boy ğŸ˜…,Reddit,nl,0
ouch,Reddit,kk,1
VERY TRUE!,Reddit,uk,0
â¤ï¸,Reddit,bg,1
i LOVE,YouTube,ja,0
19-20 ka fark hain,Reddit,tr,1
Lil dengue,Reddit,ms,1
rip johnny,Reddit,it,1
lil jaundice,Reddit,lv,0
ãƒœã‚¤ã‚¹ãŒç¾ã—ã„,YouTube,ja,0
ğŸ˜‚ğŸ˜‚ğŸ˜‚,Reddit,nl,1
So here we areâ€¦,YouTube,uk,0
BRUH,Reddit,an,1
ğŸ¤¯ğŸ¤¯,Reddit,zh,1
LIL C@NCER,Reddit,pa,1
Lil cuff,Reddit,hr,0
namaskarr ğŸ™,Reddit,sv,1
Lil fever.,Reddit,pt,0
Yo wtf,Reddit,ie,1
r/woosh,Reddit,it,1
Ooh shit y9u teach kaama sutra on comment maan,Reddit,fi,1
namaskarr ğŸ™,Reddit,sv,1
â¤ï¸,Reddit,bg,1
Lil psychosis (bipolar),Reddit,id,0
Lil jaundice,Reddit,lv,0
[removed],Reddit,gom,1
Lil depression,Reddit,en,0
VERY TRUE!,Reddit,uk,0
Yo wtf,Reddit,ie,1
Lil Dengue ğŸ¦Ÿ,Reddit,eu,1
So here we areâ€¦,YouTube,uk,0
Lil baby boy ğŸ˜…,Reddit,nl,0
lil tetanus,Reddit,hu,0
Lil jaundice,Reddit,lv,0
lil uzi,Reddit,eo,1
lmaoooooo,Reddit,it,1
Lil baby boy ğŸ˜…,Reddit,nl,0
â¤ï¸,Reddit,bg,1
sArcAsM,Reddit,ro,1
ĞœĞ•ĞĞ¯ Ğ—ĞĞ¢Ğ ĞĞ›Ğ˜Ğ›Ğ˜!!!,YouTube,uk,1
Lil gynocomastia,Reddit,sv,1
+1,Reddit,it,0
Lot pot zok saar so puny,Reddit,cs,1
My daughter Rick rolled me today. Fantastic.,YouTube,en,0
LIL C@NCER,Reddit,pa,1
Mammaaaa,Reddit,vi,1
Haha ğŸ¤£ğŸ¤£ğŸ¤£,Reddit,hu,1
namaskarr ğŸ™,Reddit,sv,1
i LOVE,YouTube,ja,0
Lil pnemonea,Reddit,sh,1
BRUH,Reddit,an,1
LIL C@NCER,Reddit,pa,1
Same,Reddit,es,1
lil dengue,Reddit,ms,1
LMAO ğŸ˜‚ğŸ˜‚ğŸ˜‚.,Reddit,uk,1
Lil OPD ğŸ˜‚,Reddit,pl,1
Mammaaaa,Reddit,vi,1
SMOL,Reddit,cs,1
LIL TORN LCL.,Reddit,zh,1
ğŸ™‚,Reddit,vi,1
ouch,Reddit,kk,1
LIL C@NCER,Reddit,pa,1
lil h-pylori,Reddit,hu,1
namaskarr ğŸ™,Reddit,sv,1
Lil ligma,Reddit,hr,1
Ğ“Ğ´Ğµ Ñ€Ğ¾Ğ±Ğ»ÑƒĞºÑÑ‹,YouTube,ru,1
Valar dohaeris,Reddit,war,1
lil jaundice,Reddit,lv,0
Lil Gastritis.,Reddit,eo,0
â¤ï¸,Reddit,bg,1
Yo wtf,Reddit,ie,1
Hahah TRUE ğŸ˜‚,Reddit,de,0
Lil psychosis (bipolar),Reddit,id,0
Haha ğŸ¤£ğŸ¤£ğŸ¤£,Reddit,hu,1
ãƒœã‚¤ã‚¹ãŒç¾ã—ã„,YouTube,ja,0
Lil Gunya,Reddit,id,1
I'm not american i just found their behaviour funny,Reddit,en,0
Im Fuckin g9dğŸ˜‚,YouTube,de,1
Valar dohaeris,Reddit,war,1
Thatâ€™s elon musk,Reddit,de,0
i LOVE,YouTube,ja,0
LMAO ğŸ˜‚ğŸ˜‚ğŸ˜‚.,Reddit,uk,1
Lil fever ğŸ¥µ,Reddit,pt,1
ãƒœã‚¤ã‚¹ãŒç¾ã—ã„,YouTube,ja,0
Lil dengue,Reddit,ms,1
You get rick roll!!,YouTube,en,0
So true!,Reddit,pt,0
Lil pnemonea,Reddit,sh,1
[removed],Reddit,gom,1
Lil Gastritis.,Reddit,eo,0
Real,Reddit,fr,0
LIL TORN LCL.,Reddit,zh,1
Valar dohaeris,Reddit,war,1
Lil duty(?),Reddit,eu,1
Lil dengue,Reddit,ms,1
Lil psychosis (bipolar),Reddit,id,0
lil typhoid,Reddit,pl,1
VERY TRUE!,Reddit,uk,0
Lil Gunya,Reddit,id,1
Lil duty(?),Reddit,eu,1
SAME!!,Reddit,ja,0
BRUH,Reddit,an,1
Lil Gastritis.,Reddit,eo,0
Lil dead,Reddit,it,0
SMOL,Reddit,cs,1
Lil coma,Reddit,zh,1
true,Reddit,fa,0
Lil tetanus,Reddit,hu,0
Lil Insomnia,Reddit,fr,1
ğŸ¤¯ğŸ¤¯,Reddit,zh,1
[removed],Reddit,gom,1
Lil coma,Reddit,zh,1
ğŸ¤¯ğŸ¤¯,Reddit,zh,1
BRUH,Reddit,an,1
"That really is the trick. I just saved ""My Files"" app onto my home screen for easy access. It also breaks down categories pretty easily:   Images, Videos, Audio, Documents, Downloads, Recent..",Reddit,en,0
true,Reddit,fa,0
LIL C@NCER,Reddit,pa,1
ğŸ˜‚,Reddit,ru,1
Lil dengue,Reddit,ms,1
sArcAsM,Reddit,ro,1
lil dengue,Reddit,ms,1
Lil jaundice,Reddit,lv,0
Y dicen que los hombres son mejores es sus 30... ğŸ˜‚ğŸ˜‚ğŸ˜‚ Que gran mentira...  Miren a ese chico en el vÃ­deo... Ganador y en lo mÃ¡s alto...  La mejor etapa de un hombre es entre sus 20 a los 30.. su mejor momento... EnergÃ­a al mÃ¡ximo.. ganas de vivir... Juventud al mÃ¡ximo... Mas posibilidades de triunfar... Mas posibilidades de encontrar una vida... La paciencia es la clave del Ã©xito...  Tengo 24 aÃ±os y me siento en mi mejor momento.... La juventud sale por mi piel...,YouTube,es,0
Lil h pylori,Reddit,fi,0
â¤ï¸,Reddit,bg,1
lil dengue,Reddit,ms,1
â¤ï¸,Reddit,bg,1
LIL TORN LCL.,Reddit,zh,1
Lil h pylori,Reddit,fi,0
Hear me out: immigrants willingly taking underpaid jobs enable businesses to continuously keep salaries low. Iâ€™m not left wing nor right wing but I see the problem everywhere.,Reddit,en,1
ğŸ˜‚,Reddit,ru,1
ouch,Reddit,kk,1
Lil jaundice,Reddit,lv,0
Lil Gastritis,Reddit,es,0
Lil 'dengue,Reddit,tr,1
Lil dead,Reddit,it,0
Lil Dengue,Reddit,fr,1
namaskarr ğŸ™,Reddit,sv,1
Sadak se utha kar Car bana dunga...,Reddit,tr,1
true,Reddit,fa,0
Same,Reddit,es,1
sArcAsM,Reddit,ro,1
Lil gynocomastia,Reddit,sv,1
lil malaria,Reddit,eo,1
â¤ï¸,Reddit,bg,1
SAME!!,Reddit,ja,0
ouch,Reddit,kk,1
ouch,Reddit,kk,1
lil dengue,Reddit,ms,1
ĞœĞ•ĞĞ¯ Ğ—ĞĞ¢Ğ ĞĞ›Ğ˜Ğ›Ğ˜!!!,YouTube,uk,1
ğŸ˜‚ğŸ˜‚ğŸ˜‚,Reddit,nl,1
Lil duty(?),Reddit,eu,1
lil dengue,Reddit,ms,1
Foetus ?,Reddit,fr,0
Valar dohaeris,Reddit,war,1
Valar dohaeris,Reddit,war,1
Haha ğŸ¤£ğŸ¤£ğŸ¤£,Reddit,hu,1
So here we areâ€¦,YouTube,uk,0
Lil Gonorrhea,Reddit,hr,1
Ooh shit y9u teach kaama sutra on comment maan,Reddit,fi,1
ğŸ˜‚ğŸ˜‚ğŸ˜‚,Reddit,nl,1
Lil SinusğŸ´â€â˜ ï¸,Reddit,nl,0
lil malaria,Reddit,eo,1
LIL C@NCER,Reddit,pa,1
ğŸ¤¯ğŸ¤¯,Reddit,zh,1
true,Reddit,fa,0
Lil coma,Reddit,zh,1
Lil Fever.,Reddit,pt,0
Lil pnemonea,Reddit,sh,1
Lil pnemonea,Reddit,sh,1
LIL C@NCER,Reddit,pa,1
sArcAsM,Reddit,ro,1
Lil tetanus,Reddit,hu,0
Haha true,Reddit,de,0
ğŸ˜‚,Reddit,ru,1
Lil Gastritis,Reddit,es,0
true,Reddit,fa,0
SMOL,Reddit,cs,1
u/savevideo,Reddit,it,0
Valar dohaeris,Reddit,war,1
rickrolled @thekingte,YouTube,de,1
lil toe fracture,Reddit,fr,0
Yo wtf,Reddit,ie,1
Lil Dengue ğŸ¦Ÿ,Reddit,eu,1
19-20 ka fark hain,Reddit,tr,1
Ğ Ğ³Ğ´Ğµ Ğ¼Ğ¾Ğ¸ Ñ€Ğ¾Ğ±ÑƒĞºÑÑ‹?(,YouTube,ru,1
[removed],Reddit,gom,1
SMOL,Reddit,cs,1
Mammaaaa,Reddit,vi,1
LIL C@NCER,Reddit,pa,1
Lil smegma,Reddit,hu,1
Lil root canal,Reddit,pt,1
Lil born,Reddit,en,0
lil jaundice,Reddit,lv,0
ğŸ¤¯ğŸ¤¯,Reddit,zh,1
Lil TB,Reddit,it,1
ĞœĞ•ĞĞ¯ Ğ—ĞĞ¢Ğ ĞĞ›Ğ˜Ğ›Ğ˜!!!,YouTube,uk,1
Lot pot zok saar so puny,Reddit,cs,1
lil uzi,Reddit,eo,1
Lil coma,Reddit,zh,1
rickrolled @thekingte,YouTube,de,1
Sadak se utha kar Car bana dunga...,Reddit,tr,1
SMOL,Reddit,cs,1
BRUH,Reddit,an,1
Lil jaundice,Reddit,lv,0
Lil Jaundice,Reddit,pt,0
Sadak se utha kar Car bana dunga...,Reddit,tr,1
Lil typhoid,Reddit,pl,1
sArcAsM,Reddit,ro,1
19-20 ka fark hain,Reddit,tr,1
Valar dohaeris,Reddit,war,1
Yo wtf,Reddit,ie,1
LIL TORN LCL.,Reddit,zh,1
â¤ï¸,Reddit,bg,1
Lil pnemonea,Reddit,sh,1
ğŸ˜‚ğŸ˜‚ğŸ˜‚,Reddit,nl,1
true,Reddit,fa,0
Lil pnemonea,Reddit,sh,1
Same,Reddit,es,1
Lil pnemonea,Reddit,sh,1
â¤ï¸,Reddit,bg,1
Valar dohaeris,Reddit,war,1
sArcAsM,Reddit,ro,1
Lil tetanus,Reddit,hu,0
Lil ligma,Reddit,hr,1
LIL C@NCER,Reddit,pa,1
Sadak se utha kar Car bana dunga...,Reddit,tr,1
r/itswooooshwith4os,Reddit,it,1
Wich me luck,Reddit,fr,0
Lot pot zok saar so puny,Reddit,cs,1
Lil smegma,Reddit,hu,1
Lil Jaundice,Reddit,pt,0
Ğ“Ğ´Ğµ Ñ€Ğ¾Ğ±Ğ»ÑƒĞºÑÑ‹,YouTube,ru,1
"Me too, kid. Me tooâ€¦.",Reddit,en,0
Mammaaaa,Reddit,vi,1
ouch,Reddit,kk,1
ouch,Reddit,kk,1
Lot pot zok saar so puny,Reddit,cs,1
[removed],Reddit,gom,1
Haha ğŸ¤£ğŸ¤£ğŸ¤£,Reddit,hu,1
Valar dohaeris,Reddit,war,1
lil h-pylori,Reddit,hu,1
lil h-pylori,Reddit,hu,1
BRUH,Reddit,an,1
Lil eczema,Reddit,pl,1
Lil fever ğŸ˜,Reddit,pt,1
Yo wtf,Reddit,ie,1
u/repostsleuthbot,Reddit,de,1
So here we areâ€¦,YouTube,uk,0
Lil Gunya,Reddit,id,1
r/tipofmytongue,Reddit,fr,1
true,Reddit,fa,0
Lil dengue,Reddit,ms,1
[removed],Reddit,gom,1
Lil eczema,Reddit,pl,1
SMOL,Reddit,cs,1
SMOL,Reddit,cs,1
BRUH,Reddit,an,1
Lil Gonorrhea,Reddit,hr,1
ĞœĞ•ĞĞ¯ Ğ—ĞĞ¢Ğ ĞĞ›Ğ˜Ğ›Ğ˜!!!,YouTube,uk,1
Lil Dengue,Reddit,fr,1
Ooh shit y9u teach kaama sutra on comment maan,Reddit,fi,1
Thatâ€™s Jason Bateman,Reddit,ru,0
Valar dohaeris,Reddit,war,1
Lil dengue,Reddit,ms,1
Valar dohaeris,Reddit,war,1
â¤ï¸,Reddit,bg,1
lil h-pylori,Reddit,hu,1
SAME!!,Reddit,ja,0
LMAO ğŸ˜‚ğŸ˜‚ğŸ˜‚.,Reddit,uk,1
Lil dengue,Reddit,ms,1
lil jaundice,Reddit,lv,0
LMAO ğŸ˜‚ğŸ˜‚ğŸ˜‚.,Reddit,uk,1
Lot pot zok saar so puny,Reddit,cs,1
19-20 ka fark hain,Reddit,tr,1
Lil Gastritis.,Reddit,eo,0
sArcAsM,Reddit,ro,1
Valar dohaeris,Reddit,war,1
â¤ï¸,Reddit,bg,1
Lil pnemonea,Reddit,sh,1
LIL C@NCER,Reddit,pa,1
[removed],Reddit,gom,1
BRUH,Reddit,an,1
[removed],Reddit,gom,1
[removed],Reddit,gom,1
Lil gynocomastia,Reddit,sv,1
sArcAsM,Reddit,ro,1
ğŸ¤£ğŸ˜‚ğŸ¤£ğŸ˜‚ğŸ¤£ğŸ˜‚ğŸ¤£ğŸ˜‚ğŸ¤£,Reddit,sv,1
ğŸ¤£ğŸ˜‚ğŸ¤£ğŸ˜‚ğŸ¤£ğŸ˜‚ğŸ¤£ğŸ˜‚ğŸ¤£,Reddit,sv,1
Lil pnemonea,Reddit,sh,1
Lil baby boy ğŸ˜…,Reddit,nl,0
Lil Gunya,Reddit,id,1
Lil gynocomastia,Reddit,sv,1
BRUH,Reddit,an,1
Mammaaaa,Reddit,vi,1
Ooh shit y9u teach kaama sutra on comment maan,Reddit,fi,1
lil dengue,Reddit,ms,1
sArcAsM,Reddit,ro,1
Yo wtf,Reddit,ie,1
â¤ï¸,Reddit,bg,1
sArcAsM,Reddit,ro,1
lil jaundice,Reddit,lv,0
ouch,Reddit,kk,1
â¤ï¸,Reddit,bg,1
ğŸ˜‚ğŸ˜‚ğŸ˜‚,Reddit,nl,1
Lil baby boy ğŸ˜…,Reddit,nl,0
Yo wtf,Reddit,ie,1
Lil hives,Reddit,fr,0
Lil Gunya,Reddit,id,1
0:34 SpongeBob laugh?,YouTube,en,1
lil uzi,Reddit,eo,1
ouch,Reddit,kk,1
Valar dohaeris,Reddit,war,1
Lil baby boy ğŸ˜…,Reddit,nl,0
ğŸ¤¯ğŸ¤¯,Reddit,zh,1
LIL C@NCER,Reddit,pa,1
[removed],Reddit,gom,1
Love from belugA,YouTube,en,0
Lil baby boy ğŸ˜…,Reddit,nl,0
Lil psychosis (bipolar),Reddit,id,0
lil typhoid,Reddit,pl,1
Lil Gastritis.,Reddit,eo,0
Lil cuff,Reddit,hr,0
Lil baby boy ğŸ˜…,Reddit,nl,0
Lil dengue,Reddit,ms,1
Lil Insomnia,Reddit,fr,1
lil jaundice,Reddit,lv,0
Yo wtf,Reddit,ie,1
Lil coma,Reddit,zh,1
Lil SinusğŸ´â€â˜ ï¸,Reddit,nl,0
Lil typhoid,Reddit,pl,1
[removed],Reddit,gom,1
Wich me luck,Reddit,fr,0
LIL C@NCER,Reddit,pa,1
ĞœĞ•ĞĞ¯ Ğ—ĞĞ¢Ğ ĞĞ›Ğ˜Ğ›Ğ˜!!!,YouTube,uk,1
Lil Gunya,Reddit,id,1
Lil Dengue ğŸ¦Ÿ,Reddit,eu,1
u/savevideo,Reddit,it,0
lil fever,Reddit,pt,1
lil jaundice,Reddit,lv,0
LIL C@NCER,Reddit,pa,1
BRUH,Reddit,an,1
lil uzi,Reddit,eo,1
Lil coma,Reddit,zh,1
LIL C@NCER,Reddit,pa,1
Lil baby boy ğŸ˜…,Reddit,nl,0
ouch,Reddit,kk,1
Yo wtf,Reddit,ie,1
Lil coma,Reddit,zh,1
lil malaria,Reddit,eo,1
â¤ï¸,Reddit,bg,1
lil malaria,Reddit,eo,1
Lil 'dengue,Reddit,tr,1
Lil uti,Reddit,it,1
Foetus ?,Reddit,fr,0
ĞœĞ•ĞĞ¯ Ğ—ĞĞ¢Ğ ĞĞ›Ğ˜Ğ›Ğ˜!!!,YouTube,uk,1
Lil pnemonea,Reddit,sh,1
Lil vaccine!,Reddit,it,0
Lil Gastritis.,Reddit,eo,0
lil malaria,Reddit,eo,1
Lil Gunya,Reddit,id,1
ğŸ¤£ğŸ˜‚ğŸ¤£ğŸ˜‚ğŸ¤£ğŸ˜‚ğŸ¤£ğŸ˜‚ğŸ¤£,Reddit,sv,1
Valar dohaeris,Reddit,war,1
Hahah TRUE ğŸ˜‚,Reddit,de,0
â¤ï¸,Reddit,bg,1
SAME!!,Reddit,ja,0
ouch,Reddit,kk,1
"Ğ­, Ğ° Ğ³Ğ´Ğµ Ñ‚ÑƒÑ‚ Ğ±ĞµÑĞ¿Ğ»Ğ°Ğ´Ğ½Ğ°Ñ Ğ¿Ğ¾Ğ´Ğ°Ñ€Ğ¾Ñ‡Ğ½Ğ°Ñ ĞºĞ°Ñ€Ñ‚Ğ° ÑÑ‚Ğ¸Ğ¼Ğ° ? ğŸ˜¢",YouTube,ru,0
ouch,Reddit,kk,1
Ğ“Ğ´Ğµ Ñ€Ğ¾Ğ±Ğ»ÑƒĞºÑÑ‹,YouTube,ru,1
BRUH,Reddit,an,1
Lil hiv,Reddit,fr,1
Mammaaaa,Reddit,vi,1
lil fracture,Reddit,fr,1
"ABURRE ESTA CANCION , La ponen a Tocar cada segundo.",YouTube,es,1
Lil Gunya,Reddit,id,1
Jet set gooooooooooooo ğŸ¤£ğŸ¤£,Reddit,it,0
"I feel bad for you in areas like that. Where I live we only had about 4 wks of a ""lockdown"". And that was when it all started. Life pretty much went back to normal shortly after",Reddit,en,0
Lil Gastritis.,Reddit,eo,0
sArcAsM,Reddit,ro,1
Probably gonna die,Reddit,de,0
Valar dohaeris,Reddit,war,1
Valar dohaeris,Reddit,war,1
lil toe fracture,Reddit,fr,0
SMOL,Reddit,cs,1
LIL TORN LCL.,Reddit,zh,1
Lil coma,Reddit,zh,1
Fuck my manâ€™s gettin night tan,Reddit,de,1
true,Reddit,fa,0
Wellâ€¦,Reddit,de,0
[removed],Reddit,gom,1
[removed],Reddit,gom,1
lil dengue,Reddit,ms,1
Yo wtf,Reddit,ie,1
Lil Gastritis.,Reddit,eo,0
lil tetanus,Reddit,hu,0
â¤ï¸,Reddit,bg,1
ãƒœã‚¤ã‚¹ãŒç¾ã—ã„,YouTube,ja,0
SMOL,Reddit,cs,1
Lil jaundice,Reddit,lv,0
So here we areâ€¦,YouTube,uk,0
LIL TORN LCL.,Reddit,zh,1
Lil cuff,Reddit,hr,0
Lot pot zok saar so puny,Reddit,cs,1
true,Reddit,fa,0
fuck youtube ğŸ˜¡,YouTube,ja,1
BRUH,Reddit,an,1
ğŸ˜‚,Reddit,ru,1
Lil pnemonea,Reddit,sh,1
Lil psychosis (bipolar),Reddit,id,0
BRUH,Reddit,an,1
Lil fissure in ano,Reddit,pt,1
Lil T12 L1 fracture,Reddit,fr,0
Wich me luck,Reddit,fr,0
aww jeez,Reddit,en,0
AquÃ­ los que viene por lo de la beca,YouTube,es,1
Mammaaaa,Reddit,vi,1
LIL C@NCER,Reddit,pa,1
Lil jaundice,Reddit,lv,0
Lil pnemonea,Reddit,sh,1
Valar dohaeris,Reddit,war,1
lil sinusitis,Reddit,de,0
LIL C@NCER,Reddit,pa,1
lil malaria,Reddit,eo,1
ğŸ˜…,Reddit,fr,1
ĞœĞ•ĞĞ¯ Ğ—ĞĞ¢Ğ ĞĞ›Ğ˜Ğ›Ğ˜!!!,YouTube,uk,1
Sadak se utha kar Car bana dunga...,Reddit,tr,1
Mammaaaa,Reddit,vi,1
Yo wtf,Reddit,ie,1
LIL TORN LCL.,Reddit,zh,1
lil toe fracture,Reddit,fr,0
Lil sinusitis,Reddit,de,0
rickrolled @thekingte,YouTube,de,1
Valar dohaeris,Reddit,war,1
Lil baby boy ğŸ˜…,Reddit,nl,0
SMOL,Reddit,cs,1
lil malaria,Reddit,eo,1
Lil jaundice,Reddit,lv,0
Lil h pylori,Reddit,fi,0
Lot pot zok saar so puny,Reddit,cs,1
[removed],Reddit,gom,1
BRUH,Reddit,an,1
lil tetanus,Reddit,hu,0
true,Reddit,fa,0
ğŸ’¯,Reddit,de,1
ouch,Reddit,kk,1
Lil Gunya,Reddit,id,1
Lil eczema,Reddit,pl,1
Ooh shit y9u teach kaama sutra on comment maan,Reddit,fi,1
BRUH,Reddit,an,1
â¤ï¸,Reddit,bg,1
BRUH,Reddit,an,1
ĞœĞ•ĞĞ¯ Ğ—ĞĞ¢Ğ ĞĞ›Ğ˜Ğ›Ğ˜!!!,YouTube,uk,1
Lil Gonorrhea,Reddit,hr,1
Valar dohaeris,Reddit,war,1
fuck youtube ğŸ˜¡,YouTube,ja,1
"Lil pneumonia ( 19 yrs ago , i am 20)",Reddit,es,0
It's old . I laughed when i first saw it 3 years ago but not today.,Reddit,en,0
Valar dohaeris,Reddit,war,1
Lil SinusğŸ´â€â˜ ï¸,Reddit,nl,0
sArcAsM,Reddit,ro,1
sArcAsM,Reddit,ro,1
true,Reddit,fa,0
VERY TRUE!,Reddit,uk,0
Hahah TRUE ğŸ˜‚,Reddit,de,0
â¤ï¸,Reddit,bg,1
sArcAsM,Reddit,ro,1
Lot pot zok saar so puny,Reddit,cs,1
BRUH,Reddit,an,1
â¤ï¸,Reddit,bg,1
ğŸ¤£ğŸ˜‚ğŸ¤£ğŸ˜‚ğŸ¤£ğŸ˜‚ğŸ¤£ğŸ˜‚ğŸ¤£,Reddit,sv,1
Lil psychosis (bipolar),Reddit,id,0
Lil baby boy ğŸ˜…,Reddit,nl,0
Haha true,Reddit,de,0
So here we areâ€¦,YouTube,uk,0
sArcAsM,Reddit,ro,1
lil uzi,Reddit,eo,1
Lil Gastritis,Reddit,es,0
Fuck my manâ€™s gettin night tan,Reddit,de,1
rip johnny,Reddit,it,1
Lil Gonorrhea,Reddit,hr,1
ouch,Reddit,kk,1
Lil Dengue ğŸ¦Ÿ,Reddit,eu,1
LIL C@NCER,Reddit,pa,1
Lil jaundice,Reddit,lv,0
So true!,Reddit,pt,0
BRUH,Reddit,an,1
Ooh shit y9u teach kaama sutra on comment maan,Reddit,fi,1
AquÃ­ los que viene por lo de la beca,YouTube,es,1
sArcAsM,Reddit,ro,1
[removed],Reddit,gom,1
ğŸ˜‚ğŸ˜‚ğŸ˜‚,Reddit,nl,1
lil malaria,Reddit,eo,1
SMOL,Reddit,cs,1
true,Reddit,fa,0
Lil duty(?),Reddit,eu,1
lil sinusitis,Reddit,de,0
Lil pnemonea,Reddit,sh,1
â¤ï¸,Reddit,bg,1
Lot pot zok saar so puny,Reddit,cs,1
SMOL,Reddit,cs,1
ğŸ˜‚ğŸ˜‚ğŸ˜‚,Reddit,nl,1
â¤ï¸,Reddit,bg,1
Real,Reddit,fr,0
Lil SinusğŸ´â€â˜ ï¸,Reddit,nl,0
we almost gave you the darwin award.,Reddit,en,0
VERY TRUE!,Reddit,uk,0
Lil pnemonea,Reddit,sh,1
Lil cuff,Reddit,hr,0
lil toe fracture,Reddit,fr,0
Valar dohaeris,Reddit,war,1
Lil Typhoid/Dengue,Reddit,en,1
[removed],Reddit,gom,1
Lil gynocomastia,Reddit,sv,1
Thatâ€™s Jason Bateman,Reddit,ru,0
Lil Gunya,Reddit,id,1
"ABURRE ESTA CANCION , La ponen a Tocar cada segundo.",YouTube,es,1
Mammaaaa,Reddit,vi,1
ouch,Reddit,kk,1
Lil Root Canal,Reddit,es,1
LIL C@NCER,Reddit,pa,1
Lil Gonorrhea,Reddit,hr,1
Lil duty(?),Reddit,eu,1
u/savevideo,Reddit,it,0
Lil ligma,Reddit,hr,1
Lil psychosis (bipolar),Reddit,id,0
SAME!!,Reddit,ja,0
Ğ“Ğ´Ğµ Ñ€Ğ¾Ğ±Ğ»ÑƒĞºÑÑ‹,YouTube,ru,1
Fuck my manâ€™s gettin night tan,Reddit,de,1
Lil tetanus,Reddit,hu,0
Lil Gunya,Reddit,id,1
Yo wtf,Reddit,ie,1
ğŸ’¯,Reddit,de,1
ğŸ¤£ğŸ˜‚ğŸ¤£ğŸ˜‚ğŸ¤£ğŸ˜‚ğŸ¤£ğŸ˜‚ğŸ¤£,Reddit,sv,1
Yo wtf,Reddit,ie,1
LIL TORN LCL.,Reddit,zh,1
LIL C@NCER,Reddit,pa,1
Lil Dengue ğŸ¦Ÿ,Reddit,eu,1
namaskarr ğŸ™,Reddit,sv,1
lil fever,Reddit,pt,1
A love tap?,Reddit,ja,0
Lil Dengue ğŸ¦Ÿ,Reddit,eu,1
Valar dohaeris,Reddit,war,1
Same,Reddit,es,1
Lil pnemonea,Reddit,sh,1
true,Reddit,fa,0
AquÃ­ los que viene por lo de la beca,YouTube,es,1
ĞœĞ½Ğµ ÑĞºĞ°Ğ·Ğ°Ğ»Ğ¸ Ñ‚ÑƒÑ‚ Ğ±ĞµÑĞ¿Ğ»Ğ°Ñ‚Ğ½Ñ‹Ğµ Ñ€Ğ¾Ğ±ÑƒĞºÑÑ‹ Ğ° Ğ³Ğ´Ğµ,YouTube,ru,0
Very funny ğŸ¤£ğŸ¤£ğŸ¤£,Reddit,ja,0
LIL C@NCER,Reddit,pa,1
LMAO ğŸ˜‚ğŸ˜‚ğŸ˜‚.,Reddit,uk,1
Lil pnemonea,Reddit,sh,1
Mammaaaa,Reddit,vi,1
Lil h pylori,Reddit,fi,0
Lil Gonorrhea,Reddit,hr,1
Lil OPD ğŸ˜‚,Reddit,pl,1
lil uzi,Reddit,eo,1
ĞœĞ½Ğµ ÑĞºĞ°Ğ·Ğ°Ğ»Ğ¸ Ñ‚ÑƒÑ‚ Ğ±ĞµÑĞ¿Ğ»Ğ°Ñ‚Ğ½Ñ‹Ğµ Ñ€Ğ¾Ğ±ÑƒĞºÑÑ‹ Ğ° Ğ³Ğ´Ğµ,YouTube,ru,0
sArcAsM,Reddit,ro,1
Lil pnemonea,Reddit,sh,1
ouch,Reddit,kk,1
lil jaundice,Reddit,lv,0
sArcAsM,Reddit,ro,1
[removed],Reddit,gom,1
Lil I work there,Reddit,en,0
LIL TORN LCL.,Reddit,zh,1
Lil T12 L1 fracture,Reddit,fr,0
lil uzi,Reddit,eo,1
Lil ligma,Reddit,hr,1
sArcAsM,Reddit,ro,1
BRUH,Reddit,an,1
Ğ“Ğ´Ğµ Ñ€Ğ¾Ğ±Ğ»ÑƒĞºÑÑ‹,YouTube,ru,1
lil uzi,Reddit,eo,1
Lil cuff,Reddit,hr,0
lil uzi,Reddit,eo,1
ğŸ˜‚,Reddit,ru,1
LIL C@NCER,Reddit,pa,1
SMOL,Reddit,cs,1
"Lil pneumonia ( 19 yrs ago , i am 20)",Reddit,es,0
SMOL,Reddit,cs,1
namaskarr ğŸ™,Reddit,sv,1
BRUH,Reddit,an,1
Lil baby boy ğŸ˜…,Reddit,nl,0
Lil duty(?),Reddit,eu,1
Haha ğŸ¤£ğŸ¤£ğŸ¤£,Reddit,hu,1
Ğ Ğ³Ğ´Ğµ Ğ¼Ğ¾Ğ¸ Ñ€Ğ¾Ğ±ÑƒĞºÑÑ‹?(,YouTube,ru,1
AquÃ­ los que viene por lo de la beca,YouTube,es,1
Ğ“Ğ´Ğµ Ñ€Ğ¾Ğ±Ğ»ÑƒĞºÑÑ‹,YouTube,ru,1
Lil baby boy ğŸ˜…,Reddit,nl,0
â¤ï¸,Reddit,bg,1
Lil Gastritis.,Reddit,eo,0
SMOL,Reddit,cs,1
Lil duty(?),Reddit,eu,1
ouch,Reddit,kk,1
LIL TORN LCL.,Reddit,zh,1
Lil Gunya,Reddit,id,1
Lil Dengue ğŸ¦Ÿ,Reddit,eu,1
"ABURRE ESTA CANCION , La ponen a Tocar cada segundo.",YouTube,es,1
Sadak se utha kar Car bana dunga...,Reddit,tr,1
BRUH,Reddit,an,1
ğŸ¤¯ğŸ¤¯,Reddit,zh,1
lil typhoid,Reddit,pl,1
lil sinusitis,Reddit,de,0
ğŸ˜‚ğŸ˜‚ğŸ˜‚,Reddit,nl,1
Lil coma,Reddit,zh,1
[removed],Reddit,gom,1
Y dicen que los hombres son mejores es sus 30... ğŸ˜‚ğŸ˜‚ğŸ˜‚ Que gran mentira...  Miren a ese chico en el vÃ­deo... Ganador y en lo mÃ¡s alto...  La mejor etapa de un hombre es entre sus 20 a los 30.. su mejor momento... EnergÃ­a al mÃ¡ximo.. ganas de vivir... Juventud al mÃ¡ximo... Mas posibilidades de triunfar... Mas posibilidades de encontrar una vida... La paciencia es la clave del Ã©xito...  Tengo 24 aÃ±os y me siento en mi mejor momento.... La juventud sale por mi piel...,YouTube,es,0
Lil cuff,Reddit,hr,0
lil dengue,Reddit,ms,1
Lot pot zok saar so puny,Reddit,cs,1
Lil typhoid,Reddit,pl,1
Lil pnemonea,Reddit,sh,1
â¤ï¸,Reddit,bg,1
+1,Reddit,it,0
Lil pnemonea,Reddit,sh,1
[removed],Reddit,gom,1
Kinda rude.,Reddit,it,1
19-20 ka fark hain,Reddit,tr,1
r/tipofmytongue,Reddit,fr,1
ouch,Reddit,kk,1
Mammaaaa,Reddit,vi,1
Thankx bro   ğŸ’€âœŒ,Reddit,pt,0
Lil baby boy ğŸ˜…,Reddit,nl,0
BRUH,Reddit,an,1
ouch,Reddit,kk,1
Lil fever ğŸ¥µ,Reddit,pt,1
ĞœĞ•ĞĞ¯ Ğ—ĞĞ¢Ğ ĞĞ›Ğ˜Ğ›Ğ˜!!!,YouTube,uk,1
true,Reddit,fa,0
[removed],Reddit,gom,1
So true!,Reddit,pt,0
rickrolled @thekingte,YouTube,de,1
Lil coma,Reddit,zh,1
Lil Dengue ğŸ¦Ÿ,Reddit,eu,1
[removed],Reddit,gom,1
10?...,Reddit,pl,1
Lil cuff,Reddit,hr,0
sabhee puraana ab phir se naya hai!  \[ per Google Translate ğŸ˜‡\],Reddit,en,0
"Little t-boned, i don't like my name even a lil bitğŸ˜‘",Reddit,en,1
Lil jaundice,Reddit,lv,0
Yo wtf,Reddit,ie,1
Same same but different,Reddit,en,1
SAME!!,Reddit,ja,0
Lil vomit,Reddit,de,1
Lil 'dengue,Reddit,tr,1
Ooh shit y9u teach kaama sutra on comment maan,Reddit,fi,1
Lil 'dengue,Reddit,tr,1
Lil gynocomastia,Reddit,sv,1
Lil tetanus,Reddit,hu,0
LMAO ğŸ˜‚ğŸ˜‚ğŸ˜‚.,Reddit,uk,1
ğŸ¤£ğŸ˜‚ğŸ¤£ğŸ˜‚ğŸ¤£ğŸ˜‚ğŸ¤£ğŸ˜‚ğŸ¤£,Reddit,sv,1
lil dengue,Reddit,ms,1
Lil Dengue ğŸ¦Ÿ,Reddit,eu,1
Valar dohaeris,Reddit,war,1
sArcAsM,Reddit,ro,1
BRUH,Reddit,an,1
â¤ï¸,Reddit,bg,1
"ABURRE ESTA CANCION , La ponen a Tocar cada segundo.",YouTube,es,1
BRUH,Reddit,an,1
Lil baby boy ğŸ˜…,Reddit,nl,0
Lil Gastritis,Reddit,es,0
lil jaundice,Reddit,lv,0
lil malaria,Reddit,eo,1
Lil dengue,Reddit,ms,1
LIL C@NCER,Reddit,pa,1
Lil eczema,Reddit,pl,1
BRUH,Reddit,an,1
Bhai JEENEETards se idhar kese,Reddit,pt,1
[removed],Reddit,gom,1
Lil psychosis (bipolar),Reddit,id,0
namaskarr ğŸ™,Reddit,sv,1
Lil smegma,Reddit,hu,1
ouch,Reddit,kk,1
Sadak se utha kar Car bana dunga...,Reddit,tr,1
Which AI tool?,Reddit,en,1
LMAO ğŸ˜‚ğŸ˜‚ğŸ˜‚.,Reddit,uk,1
LIL TORN LCL.,Reddit,zh,1
Lil pnemonea,Reddit,sh,1
Lil Bone TB,Reddit,it,1
[removed],Reddit,gom,1
Lil pnemonea,Reddit,sh,1
SAME!!,Reddit,ja,0
â¤ï¸,Reddit,bg,1
AquÃ­ los que viene por lo de la beca,YouTube,es,1
â¤ï¸,Reddit,bg,1
Ğ“Ğ´Ğµ Ñ€Ğ¾Ğ±Ğ»ÑƒĞºÑÑ‹,YouTube,ru,1
LIL TORN LCL.,Reddit,zh,1
Yo wtf,Reddit,ie,1
Lil duty(?),Reddit,eu,1
So here we areâ€¦,YouTube,uk,0
namaskarr ğŸ™,Reddit,sv,1
ouch,Reddit,kk,1
lil jaundice,Reddit,lv,0
LIL C@NCER,Reddit,pa,1
Probably gonna die,Reddit,de,0
Lil Dengue ğŸ¦Ÿ,Reddit,eu,1
Lil h pylori,Reddit,fi,0
Ooh shit y9u teach kaama sutra on comment maan,Reddit,fi,1
true,Reddit,fa,0
lil uzi,Reddit,eo,1
ğŸ¤£ğŸ˜‚ğŸ¤£ğŸ˜‚ğŸ¤£ğŸ˜‚ğŸ¤£ğŸ˜‚ğŸ¤£,Reddit,sv,1
Lot pot zok saar so puny,Reddit,cs,1
Lil pnemonea,Reddit,sh,1
Lil(one) abortion,Reddit,en,1
Yo wtf,Reddit,ie,1
r/itswooooshwith4os,Reddit,it,1
Lil hives,Reddit,fr,0
I haven't been rickrolled for 3 years.,YouTube,en,0
10?...,Reddit,pl,1
Lot pot zok saar so puny,Reddit,cs,1
ğŸ™‚,Reddit,vi,1
SAME!!,Reddit,ja,0
Mammaaaa,Reddit,vi,1
10?...,Reddit,pl,1
ğŸ¤¯ğŸ¤¯,Reddit,zh,1
SAME!!,Reddit,ja,0
Lil h pylori,Reddit,fi,0
SMOL,Reddit,cs,1
That was soooo funny,Reddit,en,0
[removed],Reddit,gom,1
ğŸ˜‚ğŸ˜‚ğŸ˜‚,Reddit,nl,1
Lil h pylori,Reddit,fi,0
Lil psychosis (bipolar),Reddit,id,0
Lil Gunya,Reddit,id,1
Lil tetanus,Reddit,hu,0
ğŸ™‚,Reddit,vi,1
Lil psychosis (bipolar),Reddit,id,0
Lil cuff,Reddit,hr,0
Lil jaundice,Reddit,lv,0
lil h-pylori,Reddit,hu,1
Same,Reddit,es,1
Valar dohaeris,Reddit,war,1
Lil dead,Reddit,it,0
Lil Gunya,Reddit,id,1
Bhai JEENEETards se idhar kese,Reddit,pt,1
ğŸ™‚,Reddit,vi,1
Lil typhoid,Reddit,pl,1
Lil fever ğŸ¥µ,Reddit,pt,1
BRUH,Reddit,an,1
Lol Poisoning ğŸ’€,Reddit,en,1
Valar dohaeris,Reddit,war,1
Lil typhoid,Reddit,pl,1
I have same crap technology- outdated even 10 years ago,Reddit,en,0
Lil OPD ğŸ˜‚,Reddit,pl,1
Lil ligma,Reddit,hr,1
Lil 'dengue,Reddit,tr,1
lil jaundice,Reddit,lv,0
Lot pot zok saar so puny,Reddit,cs,1
true,Reddit,fa,0
"ABURRE ESTA CANCION , La ponen a Tocar cada segundo.",YouTube,es,1
"Lil pneumonia ( 19 yrs ago , i am 20)",Reddit,es,0
Thatâ€™s Jason Bateman,Reddit,ru,0
Wich me luck,Reddit,fr,0
Lil pnemonea,Reddit,sh,1
VERY TRUE!,Reddit,uk,0
Lil surgery,Reddit,en,1
Lil pnemonea,Reddit,sh,1
19-20 ka fark hain,Reddit,tr,1
Lil fever.,Reddit,pt,0
Lil pnemonea,Reddit,sh,1
"Damn it, this is not the Reddit post I was looking for??",YouTube,en,1
Lil Gonorrhea,Reddit,hr,1
BRUH,Reddit,an,1
Lil Gunya,Reddit,id,1
[removed],Reddit,gom,1
Lil hives,Reddit,fr,0
Lil pnemonea,Reddit,sh,1
Lil pnemonea,Reddit,sh,1
Wich me luck,Reddit,fr,0
Lil vaccine!,Reddit,it,0
Ooh shit y9u teach kaama sutra on comment maan,Reddit,fi,1
BRUH,Reddit,an,1
[removed],Reddit,gom,1
Sadak se utha kar Car bana dunga...,Reddit,tr,1
Lil Gastritis.,Reddit,eo,0
LIL TORN LCL.,Reddit,zh,1
Yo wtf,Reddit,ie,1
LIL C@NCER,Reddit,pa,1
Lil Gastritis.,Reddit,eo,0
Lil pnemonea,Reddit,sh,1
Lil Gastritis.,Reddit,eo,0
"Ğ­, Ğ° Ğ³Ğ´Ğµ Ñ‚ÑƒÑ‚ Ğ±ĞµÑĞ¿Ğ»Ğ°Ğ´Ğ½Ğ°Ñ Ğ¿Ğ¾Ğ´Ğ°Ñ€Ğ¾Ñ‡Ğ½Ğ°Ñ ĞºĞ°Ñ€Ñ‚Ğ° ÑÑ‚Ğ¸Ğ¼Ğ° ? ğŸ˜¢",YouTube,ru,0
Lil pnemonea,Reddit,sh,1
Yo wtf,Reddit,ie,1
Lil pnemonea,Reddit,sh,1
Kinda rude.,Reddit,it,1
ouch,Reddit,kk,1
Valar dohaeris,Reddit,war,1
LIL C@NCER,Reddit,pa,1
Lil Gonorrhea,Reddit,hr,1
Lil hives,Reddit,fr,0
SMOL,Reddit,cs,1
Sadak se utha kar Car bana dunga...,Reddit,tr,1
Mammaaaa,Reddit,vi,1
AquÃ­ los que viene por lo de la beca,YouTube,es,1
Sadak se utha kar Car bana dunga...,Reddit,tr,1
Lil dangue,Reddit,fr,1
Lil pnemonea,Reddit,sh,1
Yo wtf,Reddit,ie,1
Lil OPD ğŸ˜‚,Reddit,pl,1
Sadak se utha kar Car bana dunga...,Reddit,tr,1
Lil psychosis (bipolar),Reddit,id,0
Lil dengue,Reddit,ms,1
Lil pnemonea,Reddit,sh,1
Lil coma,Reddit,zh,1
Mammaaaa,Reddit,vi,1
ğŸ™‚,Reddit,vi,1
Valar dohaeris,Reddit,war,1
Yo wtf,Reddit,ie,1
Lil fissure in ano,Reddit,pt,1
lil toe fracture,Reddit,fr,0
ouch,Reddit,kk,1
Mammaaaa,Reddit,vi,1
LIL TORN LCL.,Reddit,zh,1
Same,Reddit,es,1
â¤ï¸,Reddit,bg,1
Lil smegma,Reddit,hu,1
I don't have it so I will ill draw it  ğŸ˜ ğŸ‘•.   âœŒï¸ ------   \   \,Reddit,en,0
ouch,Reddit,kk,1
lil fever,Reddit,pt,1
Lil cuff,Reddit,hr,0
Lil Dengue ğŸ¦Ÿ,Reddit,eu,1
ğŸ¤¯ğŸ¤¯,Reddit,zh,1
Yo wtf,Reddit,ie,1
Lil dead,Reddit,it,0
Yo wtf,Reddit,ie,1
Lot pot zok saar so puny,Reddit,cs,1
ouch,Reddit,kk,1
Lil pnemonea,Reddit,sh,1
Lil Dengue ğŸ¦Ÿ,Reddit,eu,1
Thatâ€™s Jason Bateman,Reddit,ru,0
Lil eczema,Reddit,pl,1
Very funny ğŸ¤£ğŸ¤£ğŸ¤£,Reddit,ja,0
can we make this a meme again,YouTube,en,0
true,Reddit,fa,0
Valar dohaeris,Reddit,war,1
â¤ï¸,Reddit,bg,1
A love tap?,Reddit,ja,0
Sadak se utha kar Car bana dunga...,Reddit,tr,1
Lil pnemonea,Reddit,sh,1
SMOL,Reddit,cs,1
Lil ligma,Reddit,hr,1
â¤ï¸,Reddit,bg,1
ğŸ˜‚,Reddit,ru,1
ğŸ™‚,Reddit,vi,1
So here we areâ€¦,YouTube,uk,0
He just spends hours washing his face every night. Thatâ€™s why some adaptions make him perpetually late to Bruce Wayne events,Reddit,en,1
LIL C@NCER,Reddit,pa,1
Lil Gastritis,Reddit,es,0
Lil ligma,Reddit,hr,1
Wich me luck,Reddit,fr,0
Lil 'dengue,Reddit,tr,1
Lil Dengue ğŸ¦Ÿ,Reddit,eu,1
SMOL,Reddit,cs,1
lil dengue,Reddit,ms,1
Fuck my manâ€™s gettin night tan,Reddit,de,1
ğŸ¤£ğŸ˜‚ğŸ¤£ğŸ˜‚ğŸ¤£ğŸ˜‚ğŸ¤£ğŸ˜‚ğŸ¤£,Reddit,sv,1
ğŸ¤¯ğŸ¤¯,Reddit,zh,1
ouch,Reddit,kk,1
ãƒœã‚¤ã‚¹ãŒç¾ã—ã„,YouTube,ja,0
namaskarr ğŸ™,Reddit,sv,1
"ABURRE ESTA CANCION , La ponen a Tocar cada segundo.",YouTube,es,1
r/tipofmytongue,Reddit,fr,1
Lil dead friend's grandma,Reddit,en,0
true,Reddit,fa,0
Jet set gooooooooooooo ğŸ¤£ğŸ¤£,Reddit,it,0
â¤ï¸,Reddit,bg,1
lil uzi,Reddit,eo,1
Haha ğŸ¤£ğŸ¤£ğŸ¤£,Reddit,hu,1
Ooh shit y9u teach kaama sutra on comment maan,Reddit,fi,1
Lot pot zok saar so puny,Reddit,cs,1
Lil OPD ğŸ˜‚,Reddit,pl,1
Lot pot zok saar so puny,Reddit,cs,1
Wellâ€¦,Reddit,de,0
lil malaria,Reddit,eo,1
Ooh shit y9u teach kaama sutra on comment maan,Reddit,fi,1
Yo wtf,Reddit,ie,1
lil malaria,Reddit,eo,1
Mammaaaa,Reddit,vi,1
lil dengue,Reddit,ms,1
SAME!!,Reddit,ja,0
Lil coma,Reddit,zh,1
lil dengue,Reddit,ms,1
ğŸ™‚,Reddit,vi,1
ãƒœã‚¤ã‚¹ãŒç¾ã—ã„,YouTube,ja,0
Lil duty(?),Reddit,eu,1
SAME!!,Reddit,ja,0
ğŸ˜‚,Reddit,ru,1
https://preview.redd.it/rhg0dwncewje1.jpeg?width=592&format=pjpg&auto=webp&s=e5e9f0af126dbc0b10a9f67d3a7a8831817861e3,Reddit,en,0
lil h-pylori,Reddit,hu,1
true,Reddit,fa,0
Lil Gonorrhea,Reddit,hr,1
Lil psychosis (bipolar),Reddit,id,0
ğŸ™‚,Reddit,vi,1
Lil pnemonea,Reddit,sh,1
[removed],Reddit,gom,1
Lil smegma,Reddit,hu,1
Lil vomitz,Reddit,de,1
Fuck my manâ€™s gettin night tan,Reddit,de,1
true,Reddit,fa,0
Lil dengue,Reddit,ms,1
SAME!!,Reddit,ja,0
Jet set gooooooooooooo ğŸ¤£ğŸ¤£,Reddit,it,0
sArcAsM,Reddit,ro,1
Lil SinusğŸ´â€â˜ ï¸,Reddit,nl,0
Same,Reddit,es,1
LIL C@NCER,Reddit,pa,1
Lil Root Canal,Reddit,es,1
lil malaria,Reddit,eo,1
true,Reddit,fa,0
true,Reddit,fa,0
sArcAsM,Reddit,ro,1
namaskarr ğŸ™,Reddit,sv,1
Lil Dengue ğŸ¦Ÿ,Reddit,eu,1
Valar dohaeris,Reddit,war,1
ğŸ™‚,Reddit,vi,1
â¤ï¸,Reddit,bg,1
Lil eczema,Reddit,pl,1
[removed],Reddit,gom,1
Lil tooth,Reddit,en,1
"Ğ­, Ğ° Ğ³Ğ´Ğµ Ñ‚ÑƒÑ‚ Ğ±ĞµÑĞ¿Ğ»Ğ°Ğ´Ğ½Ğ°Ñ Ğ¿Ğ¾Ğ´Ğ°Ñ€Ğ¾Ñ‡Ğ½Ğ°Ñ ĞºĞ°Ñ€Ñ‚Ğ° ÑÑ‚Ğ¸Ğ¼Ğ° ? ğŸ˜¢",YouTube,ru,0
lil toe fracture,Reddit,fr,0
Lil cyst,Reddit,en,1
sArcAsM,Reddit,ro,1
SAME!!,Reddit,ja,0
â¤ï¸,Reddit,bg,1
sArcAsM,Reddit,ro,1
Lil cuff,Reddit,hr,0
Haha ğŸ¤£ğŸ¤£ğŸ¤£,Reddit,hu,1
lil malaria,Reddit,eo,1
Sadak se utha kar Car bana dunga...,Reddit,tr,1
lmaoooooo,Reddit,it,1
Lil duty(?),Reddit,eu,1
Yo wtf,Reddit,ie,1
â¤ï¸,Reddit,bg,1
Lil cuff,Reddit,hr,0
lil uzi,Reddit,eo,1
Lil dengue,Reddit,ms,1
ğŸ˜‚ğŸ˜‚ğŸ˜‚,Reddit,nl,1
VERY TRUE!,Reddit,uk,0
LIL TORN LCL.,Reddit,zh,1
Lil dengue,Reddit,ms,1
ãƒœã‚¤ã‚¹ãŒç¾ã—ã„,YouTube,ja,0
BRUH,Reddit,an,1
Lil fever ğŸ˜,Reddit,pt,1
Lil psychosis (bipolar),Reddit,id,0
sArcAsM,Reddit,ro,1
Lil Dengue ğŸ¦Ÿ,Reddit,eu,1
Lil tetanus,Reddit,hu,0
lil dengue,Reddit,ms,1
ğŸ¤£ğŸ˜‚ğŸ¤£ğŸ˜‚ğŸ¤£ğŸ˜‚ğŸ¤£ğŸ˜‚ğŸ¤£,Reddit,sv,1
Haha true,Reddit,de,0
BRUH,Reddit,an,1
Lil hiv,Reddit,fr,1
ouch,Reddit,kk,1
Lil 'dengue,Reddit,tr,1
ğŸ˜…,Reddit,fr,1
sArcAsM,Reddit,ro,1
Lil smegma,Reddit,hu,1
Mammaaaa,Reddit,vi,1
LIL C@NCER,Reddit,pa,1
fuck youtube ğŸ˜¡,YouTube,ja,1
Lil h pylori,Reddit,fi,0
Lil pnemonea,Reddit,sh,1
Ooh shit y9u teach kaama sutra on comment maan,Reddit,fi,1
BRUH,Reddit,an,1
Lil tetanus,Reddit,hu,0
Lil Fever.,Reddit,pt,0
â¤ï¸,Reddit,bg,1
true,Reddit,fa,0
[removed],Reddit,gom,1
sArcAsM,Reddit,ro,1
true,Reddit,fa,0
ouch,Reddit,kk,1
lil toe fracture,Reddit,fr,0
Ğ“Ğ´Ğµ Ñ€Ğ¾Ğ±Ğ»ÑƒĞºÑÑ‹,YouTube,ru,1
ğŸ¤£ğŸ˜‚ğŸ¤£ğŸ˜‚ğŸ¤£ğŸ˜‚ğŸ¤£ğŸ˜‚ğŸ¤£,Reddit,sv,1
Sadak se utha kar Car bana dunga...,Reddit,tr,1
Understandable,Reddit,en,0
LIL C@NCER,Reddit,pa,1
SMOL,Reddit,cs,1
â¤ï¸,Reddit,bg,1
Lil psychosis (bipolar),Reddit,id,0
Valar dohaeris,Reddit,war,1
SMOL,Reddit,cs,1
lil uzi,Reddit,eo,1
â¤ï¸,Reddit,bg,1
"ABURRE ESTA CANCION , La ponen a Tocar cada segundo.",YouTube,es,1
r/woosh,Reddit,it,1
Lil pnemonea,Reddit,sh,1
i LOVE,YouTube,ja,0
Lil ligma,Reddit,hr,1
true,Reddit,fa,0
sArcAsM,Reddit,ro,1
Lil SinusğŸ´â€â˜ ï¸,Reddit,nl,0
lil dengue,Reddit,ms,1
Lil stuck buttplug,Reddit,en,1
ouch,Reddit,kk,1
LMAO ğŸ˜‚ğŸ˜‚ğŸ˜‚.,Reddit,uk,1
Lil pnemonea,Reddit,sh,1
â¤ï¸,Reddit,bg,1
Fuck my manâ€™s gettin night tan,Reddit,de,1
lil dengue,Reddit,ms,1
Lil smegma,Reddit,hu,1
ouch,Reddit,kk,1
Lil Gunya,Reddit,id,1
Lil gynocomastia,Reddit,sv,1
Lil ligma,Reddit,hr,1
Lil OPD ğŸ˜‚,Reddit,pl,1
â¤ï¸,Reddit,bg,1
Foetus ?,Reddit,fr,0
Yo wtf,Reddit,ie,1
lil dengue,Reddit,ms,1
Lil Dengue ğŸ¦Ÿ,Reddit,eu,1
true,Reddit,fa,0
Lil eczema,Reddit,pl,1
[removed],Reddit,gom,1
Yo wtf,Reddit,ie,1
Lil Dengue ğŸ¦Ÿ,Reddit,eu,1
BRUH,Reddit,an,1
sArcAsM,Reddit,ro,1
Memes you can hear...,Reddit,en,1
Mammaaaa,Reddit,vi,1
LIL TORN LCL.,Reddit,zh,1
Lil hives,Reddit,fr,0
namaskarr ğŸ™,Reddit,sv,1
Lil duty(?),Reddit,eu,1
Lil depression  Lil suicidal tendencies,Reddit,en,0
LIL C@NCER,Reddit,pa,1
19-20 ka fark hain,Reddit,tr,1
Lil h pylori,Reddit,fi,0
Haha ğŸ¤£ğŸ¤£ğŸ¤£,Reddit,hu,1
Lil Jaundice,Reddit,pt,0
Valar dohaeris,Reddit,war,1
Valar dohaeris,Reddit,war,1
ouch,Reddit,kk,1
VERY TRUE!,Reddit,uk,0
lil dengue,Reddit,ms,1
LIL C@NCER,Reddit,pa,1
ouch,Reddit,kk,1
Mammaaaa,Reddit,vi,1
Lil duty(?),Reddit,eu,1
true,Reddit,fa,0
Lil Gunya,Reddit,id,1
true,Reddit,fa,0
Yo wtf,Reddit,ie,1
Lil SinusğŸ´â€â˜ ï¸,Reddit,nl,0
lil jaundice,Reddit,lv,0
Lot pot zok saar so puny,Reddit,cs,1
â¤ï¸,Reddit,bg,1
+1,Reddit,it,0
lil uzi,Reddit,eo,1
Ooh shit y9u teach kaama sutra on comment maan,Reddit,fi,1
â¤ï¸,Reddit,bg,1
Valar dohaeris,Reddit,war,1
Valar dohaeris,Reddit,war,1
â¤ï¸,Reddit,bg,1
Mammaaaa,Reddit,vi,1
Lil jaundice,Reddit,lv,0
Lil gynocomastia,Reddit,sv,1
lil jaundice,Reddit,lv,0
ğŸ¤¯ğŸ¤¯,Reddit,zh,1
SMOL,Reddit,cs,1
Ğ“Ğ´Ğµ Ñ€Ğ¾Ğ±Ğ»ÑƒĞºÑÑ‹,YouTube,ru,1
lil malaria,Reddit,eo,1
Lil duty(?),Reddit,eu,1
Kinda rude.,Reddit,it,1
Lil baby boy ğŸ˜…,Reddit,nl,0
LIL C@NCER,Reddit,pa,1
Lil gynocomastia,Reddit,sv,1
Lil psychosis (bipolar),Reddit,id,0
Very funny ğŸ¤£ğŸ¤£ğŸ¤£,Reddit,ja,0
ĞœĞ•ĞĞ¯ Ğ—ĞĞ¢Ğ ĞĞ›Ğ˜Ğ›Ğ˜!!!,YouTube,uk,1
Lil sinusitis,Reddit,de,0
Lil jaundice,Reddit,lv,0
Lil pnemonea,Reddit,sh,1
Ooh shit y9u teach kaama sutra on comment maan,Reddit,fi,1
Lil h pylori,Reddit,fi,0
LMAO ğŸ˜‚ğŸ˜‚ğŸ˜‚.,Reddit,uk,1
ouch,Reddit,kk,1
Im Fuckin g9dğŸ˜‚,YouTube,de,1
Lil Dengue ğŸ¦Ÿ,Reddit,eu,1
[removed],Reddit,gom,1
Valar dohaeris,Reddit,war,1
â¤ï¸,Reddit,bg,1
ğŸ˜¢ğŸ˜¢ğŸ˜¢ğŸ‰ğŸ‰ğŸ˜‚ğŸ˜‚,YouTube,it,1
Lil Fever.,Reddit,pt,0
Real,Reddit,fr,0
ãƒœã‚¤ã‚¹ãŒç¾ã—ã„,YouTube,ja,0
true,Reddit,fa,0
Yo wtf,Reddit,ie,1
Lil Bone TB,Reddit,it,1
Haha ğŸ¤£ğŸ¤£ğŸ¤£,Reddit,hu,1
Lil smegma,Reddit,hu,1
â¤ï¸,Reddit,bg,1
Jet set gooooooooooooo ğŸ¤£ğŸ¤£,Reddit,it,0
10?...,Reddit,pl,1
ğŸ™‚,Reddit,vi,1
Lil duty(?),Reddit,eu,1
Ooh shit y9u teach kaama sutra on comment maan,Reddit,fi,1
Lil Root Canal,Reddit,es,1
Lil smegma,Reddit,hu,1
â¤ï¸,Reddit,bg,1
Valar dohaeris,Reddit,war,1
[removed],Reddit,gom,1
r/tipofmytongue,Reddit,fr,1
Valar dohaeris,Reddit,war,1
"ABURRE ESTA CANCION , La ponen a Tocar cada segundo.",YouTube,es,1
Lil h pylori,Reddit,fi,0
Lil cuff,Reddit,hr,0
true,Reddit,fa,0
[removed],Reddit,gom,1
Lil eczema,Reddit,pl,1
ğŸ˜‚,Reddit,ru,1
So here we areâ€¦,YouTube,uk,0
sArcAsM,Reddit,ro,1
Lil typhoid,Reddit,pl,1
SMOL,Reddit,cs,1
Sadak se utha kar Car bana dunga...,Reddit,tr,1
ouch,Reddit,kk,1
â¤ï¸,Reddit,bg,1
Mammaaaa,Reddit,vi,1
The Riddler answer is â€œBruce Wayne can afford a tanning bed.â€,Reddit,en,0
Valar dohaeris,Reddit,war,1
Lil vomitz,Reddit,de,1
true,Reddit,fa,0
Lil hives,Reddit,fr,0
i LOVE,YouTube,ja,0
lil tetanus,Reddit,hu,0
r/gifsthatendtoosoon   There are so many possibilities in my head on what the SS would do in such scenarios,Reddit,en,0
lil dengue,Reddit,ms,1
ğŸ˜‚ğŸ˜‚ğŸ˜‚,Reddit,nl,1
ğŸ˜‚,Reddit,ru,1
LIL C@NCER,Reddit,pa,1
Lil h pylori,Reddit,fi,0
true,Reddit,fa,0
10?...,Reddit,pl,1
lil jaundice,Reddit,lv,0
Lil baby boy ğŸ˜…,Reddit,nl,0
BRUH,Reddit,an,1
Lil SinusğŸ´â€â˜ ï¸,Reddit,nl,0
Lil pnemonea,Reddit,sh,1
Lil tetanus,Reddit,hu,0
ğŸ˜¢ğŸ˜¢ğŸ˜¢ğŸ‰ğŸ‰ğŸ˜‚ğŸ˜‚,YouTube,it,1
Lil Suicidal Thoughts,Reddit,en,0
true,Reddit,fa,0
AquÃ­ los que viene por lo de la beca,YouTube,es,1
ouch,Reddit,kk,1
Lil Gonorrhea,Reddit,hr,1
true,Reddit,fa,0
Lil tetanus,Reddit,hu,0
Lil tetanus,Reddit,hu,0
namaskarr ğŸ™,Reddit,sv,1
Y dicen que los hombres son mejores es sus 30... ğŸ˜‚ğŸ˜‚ğŸ˜‚ Que gran mentira...  Miren a ese chico en el vÃ­deo... Ganador y en lo mÃ¡s alto...  La mejor etapa de un hombre es entre sus 20 a los 30.. su mejor momento... EnergÃ­a al mÃ¡ximo.. ganas de vivir... Juventud al mÃ¡ximo... Mas posibilidades de triunfar... Mas posibilidades de encontrar una vida... La paciencia es la clave del Ã©xito...  Tengo 24 aÃ±os y me siento en mi mejor momento.... La juventud sale por mi piel...,YouTube,es,0
ğŸ’¯,Reddit,de,1
ouch,Reddit,kk,1
Lot pot zok saar so puny,Reddit,cs,1
ğŸ¤£ğŸ˜‚ğŸ¤£ğŸ˜‚ğŸ¤£ğŸ˜‚ğŸ¤£ğŸ˜‚ğŸ¤£,Reddit,sv,1
Lil baby boy ğŸ˜…,Reddit,nl,0
I hope so too brother,Reddit,en,0
10?...,Reddit,pl,1
Its also an old car that works better than modern cars and can go twice as fast,Reddit,en,0
ğŸ™‚,Reddit,vi,1
Ğ Ğ³Ğ´Ğµ Ğ¼Ğ¾Ğ¸ Ñ€Ğ¾Ğ±ÑƒĞºÑÑ‹?(,YouTube,ru,1
â¤ï¸,Reddit,bg,1
Kinda rude.,Reddit,it,1
LIL C@NCER,Reddit,pa,1
Lil vomitz,Reddit,de,1
Lil cuff,Reddit,hr,0
Lil ligma,Reddit,hr,1
https://i.redd.it/o095kyrpar6e1.gif,Reddit,it,0
â¤ï¸,Reddit,bg,1
Lil jaundice,Reddit,lv,0
sArcAsM,Reddit,ro,1
Lil 'dengue,Reddit,tr,1
Wich me luck,Reddit,fr,0
Thankx bro   ğŸ’€âœŒ,Reddit,pt,0
ğŸ¤£ğŸ˜‚ğŸ¤£ğŸ˜‚ğŸ¤£ğŸ˜‚ğŸ¤£ğŸ˜‚ğŸ¤£,Reddit,sv,1
[removed],Reddit,gom,1
Lil Dengue ğŸ¦Ÿ,Reddit,eu,1
Mammaaaa,Reddit,vi,1
lil typhoid,Reddit,pl,1
ouch,Reddit,kk,1
Ğ“Ğ´Ğµ Ñ€Ğ¾Ğ±Ğ»ÑƒĞºÑÑ‹,YouTube,ru,1
lil uzi,Reddit,eo,1
Lil vaccine!,Reddit,it,0
sArcAsM,Reddit,ro,1
lil jaundice,Reddit,lv,0
Lil Gonorrhea,Reddit,hr,1
LIL TORN LCL.,Reddit,zh,1
[removed],Reddit,gom,1
sArcAsM,Reddit,ro,1
ğŸ¤¯ğŸ¤¯,Reddit,zh,1
Mammaaaa,Reddit,vi,1
Im Fuckin g9dğŸ˜‚,YouTube,de,1
sArcAsM,Reddit,ro,1
[removed],Reddit,gom,1
Lil tetanus,Reddit,hu,0
Wellâ€¦,Reddit,de,0
10?...,Reddit,pl,1
lil typhoid,Reddit,pl,1
[removed],Reddit,gom,1
SMOL,Reddit,cs,1
Lil gynocomastia,Reddit,sv,1
Valar dohaeris,Reddit,war,1
Ooh shit y9u teach kaama sutra on comment maan,Reddit,fi,1
Valar dohaeris,Reddit,war,1
Ğ“Ğ´Ğµ Ñ€Ğ¾Ğ±Ğ»ÑƒĞºÑÑ‹,YouTube,ru,1
namaskarr ğŸ™,Reddit,sv,1
Lil h pylori,Reddit,fi,0
Lil gynocomastia,Reddit,sv,1
Lil psychosis (bipolar),Reddit,id,0
A love tap?,Reddit,ja,0
"Y'all still talking about him, huh?",Reddit,en,1
sArcAsM,Reddit,ro,1
r/itswooooshwith4os,Reddit,it,1
Lil eczema,Reddit,pl,1
VERY TRUE!,Reddit,uk,0
Valar dohaeris,Reddit,war,1
Lil dengue,Reddit,ms,1
Haha true,Reddit,de,0
Mammaaaa,Reddit,vi,1
ğŸ˜‚ğŸ˜‚ğŸ˜‚,Reddit,nl,1
Lil hiv,Reddit,fr,1
19-20 ka fark hain,Reddit,tr,1
LIL TORN LCL.,Reddit,zh,1
lil jaundice,Reddit,lv,0
LIL C@NCER,Reddit,pa,1
sArcAsM,Reddit,ro,1
Lil psychosis (bipolar),Reddit,id,0
LIL TORN LCL.,Reddit,zh,1
Lil Dengue ğŸ¦Ÿ,Reddit,eu,1
ouch,Reddit,kk,1
Lil h pylori,Reddit,fi,0
Yo wtf,Reddit,ie,1
Lil vomit,Reddit,de,1
sArcAsM,Reddit,ro,1
ouch,Reddit,kk,1
Lil OPD ğŸ˜‚,Reddit,pl,1
Valar dohaeris,Reddit,war,1
SAME!!,Reddit,ja,0
Lil smegma,Reddit,hu,1
Lil Fever.,Reddit,pt,0
ĞœĞ•ĞĞ¯ Ğ—ĞĞ¢Ğ ĞĞ›Ğ˜Ğ›Ğ˜!!!,YouTube,uk,1
lil dengue,Reddit,ms,1
sArcAsM,Reddit,ro,1
Lil Gastritis.,Reddit,eo,0
Thatâ€™s Jason Bateman,Reddit,ru,0
â¤ï¸,Reddit,bg,1
Lil duty(?),Reddit,eu,1
[removed],Reddit,gom,1
lil jaundice,Reddit,lv,0
Lil vomit,Reddit,de,1
â¤ï¸,Reddit,bg,1
sArcAsM,Reddit,ro,1
true,Reddit,fa,0
Same,Reddit,es,1
ğŸ™‚,Reddit,vi,1
Lil ligma,Reddit,hr,1
Lil Gunya,Reddit,id,1
Lil passing liquid motions,Reddit,en,0
Ğ Ğ³Ğ´Ğµ Ğ¼Ğ¾Ğ¸ Ñ€Ğ¾Ğ±ÑƒĞºÑÑ‹?(,YouTube,ru,1
Lil gynocomastia,Reddit,sv,1
19-20 ka fark hain,Reddit,tr,1
[removed],Reddit,gom,1
Lil fever ğŸ˜,Reddit,pt,1
Lil fever ğŸ˜,Reddit,pt,1
Lil Dengue ğŸ¦Ÿ,Reddit,eu,1
Lil dead,Reddit,it,0
Lil OPD ğŸ˜‚,Reddit,pl,1
Lil Dengue ğŸ¦Ÿ,Reddit,eu,1
Lil pnemonea,Reddit,sh,1
Lil pnemonea,Reddit,sh,1
Yo wtf,Reddit,ie,1
lil tetanus,Reddit,hu,0
Lil psychosis (bipolar),Reddit,id,0
â¤ï¸,Reddit,bg,1
Lil duty(?),Reddit,eu,1
ğŸ¤¯ğŸ¤¯,Reddit,zh,1
VERY TRUE!,Reddit,uk,0
"Ğ­, Ğ° Ğ³Ğ´Ğµ Ñ‚ÑƒÑ‚ Ğ±ĞµÑĞ¿Ğ»Ğ°Ğ´Ğ½Ğ°Ñ Ğ¿Ğ¾Ğ´Ğ°Ñ€Ğ¾Ñ‡Ğ½Ğ°Ñ ĞºĞ°Ñ€Ñ‚Ğ° ÑÑ‚Ğ¸Ğ¼Ğ° ? ğŸ˜¢",YouTube,ru,0
Yo wtf,Reddit,ie,1
Lil SinusğŸ´â€â˜ ï¸,Reddit,nl,0
Lil Gastritis.,Reddit,eo,0
Mammaaaa,Reddit,vi,1
LIL TORN LCL.,Reddit,zh,1
true,Reddit,fa,0
sArcAsM,Reddit,ro,1
10?...,Reddit,pl,1
ğŸ˜‚ğŸ˜‚ğŸ˜‚,Reddit,nl,1
Valar dohaeris,Reddit,war,1
lil jaundice,Reddit,lv,0
Sadak se utha kar Car bana dunga...,Reddit,tr,1
Lil Dengue ğŸ¦Ÿ,Reddit,eu,1
Lil fever ğŸ˜,Reddit,pt,1
Lil pnemonea,Reddit,sh,1
"ABURRE ESTA CANCION , La ponen a Tocar cada segundo.",YouTube,es,1
Lil gynocomastia,Reddit,sv,1
Lil cuff,Reddit,hr,0
Lil eczema,Reddit,pl,1
sArcAsM,Reddit,ro,1
Lil baby boy ğŸ˜…,Reddit,nl,0
Lil gynocomastia,Reddit,sv,1
"Ğ­, Ğ° Ğ³Ğ´Ğµ Ñ‚ÑƒÑ‚ Ğ±ĞµÑĞ¿Ğ»Ğ°Ğ´Ğ½Ğ°Ñ Ğ¿Ğ¾Ğ´Ğ°Ñ€Ğ¾Ñ‡Ğ½Ğ°Ñ ĞºĞ°Ñ€Ñ‚Ğ° ÑÑ‚Ğ¸Ğ¼Ğ° ? ğŸ˜¢",YouTube,ru,0
Same,Reddit,es,1
Mammaaaa,Reddit,vi,1
Yo wtf,Reddit,ie,1
Lil ligma,Reddit,hr,1
Lil jaundice,Reddit,lv,0
ğŸ™‚,Reddit,vi,1
[removed],Reddit,gom,1
lil dengue,Reddit,ms,1
Same,Reddit,es,1
lil malaria,Reddit,eo,1
LIL C@NCER,Reddit,pa,1
sArcAsM,Reddit,ro,1
VERY TRUE!,Reddit,uk,0
â¤ï¸,Reddit,bg,1
Lil OPD ğŸ˜‚,Reddit,pl,1
Lil jaundice,Reddit,lv,0
ğŸ¤£ğŸ˜‚ğŸ¤£ğŸ˜‚ğŸ¤£ğŸ˜‚ğŸ¤£ğŸ˜‚ğŸ¤£,Reddit,sv,1
[removed],Reddit,gom,1
lil h-pylori,Reddit,hu,1
lil typhoid,Reddit,pl,1
Lil pnemonea,Reddit,sh,1
ouch,Reddit,kk,1
Same,Reddit,es,1
So here we areâ€¦,YouTube,uk,0
[removed],Reddit,gom,1
ğŸ™‚,Reddit,vi,1
ğŸ˜‚ğŸ˜‚ğŸ˜‚,Reddit,nl,1
Lil 'dengue,Reddit,tr,1
Lil Dengue,Reddit,fr,1
Yo wtf,Reddit,ie,1
[removed],Reddit,gom,1
Lil 'dengue,Reddit,tr,1
true,Reddit,fa,0
Lil psychosis (bipolar),Reddit,id,0
So true!,Reddit,pt,0
Lil jaundice,Reddit,lv,0
Lil Dengue ğŸ¦Ÿ,Reddit,eu,1
sArcAsM,Reddit,ro,1
lil jaundice,Reddit,lv,0
sArcAsM,Reddit,ro,1
lil h-pylori,Reddit,hu,1
Lil duty(?),Reddit,eu,1
LIL C@NCER,Reddit,pa,1
lil jaundice,Reddit,lv,0
true,Reddit,fa,0
lil dengue,Reddit,ms,1
Lil Gunya,Reddit,id,1
10?...,Reddit,pl,1
Lil fracture,Reddit,en,1
Lil pnemonea,Reddit,sh,1
Lil OPD ğŸ˜‚,Reddit,pl,1
sArcAsM,Reddit,ro,1
ğŸ™‚,Reddit,vi,1
Lil Dengue ğŸ¦Ÿ,Reddit,eu,1
fuck youtube ğŸ˜¡,YouTube,ja,1
Ğ Ğ³Ğ´Ğµ Ğ¼Ğ¾Ğ¸ Ñ€Ğ¾Ğ±ÑƒĞºÑÑ‹?(,YouTube,ru,1
LIL C@NCER,Reddit,pa,1
lil dengue,Reddit,ms,1
Lil ligma,Reddit,hr,1
lil tetanus,Reddit,hu,0
Thatâ€™s Jason Bateman,Reddit,ru,0
Lil duty(?),Reddit,eu,1
"ABURRE ESTA CANCION , La ponen a Tocar cada segundo.",YouTube,es,1
Lil OPD ğŸ˜‚,Reddit,pl,1
Lil typhoid,Reddit,pl,1
i LOVE,YouTube,ja,0
SMOL,Reddit,cs,1
Lil OPD ğŸ˜‚,Reddit,pl,1
Thankx bro   ğŸ’€âœŒ,Reddit,pt,0
Bhai JEENEETards se idhar kese,Reddit,pt,1
Lil dangue,Reddit,fr,1
i LOVE,YouTube,ja,0
Lil jaundice,Reddit,lv,0
lil sinusitis,Reddit,de,0
BRUH,Reddit,an,1
BRUH,Reddit,an,1
Lil Gastritis.,Reddit,eo,0
Lil Jaundice,Reddit,pt,0
Lil Jaundice,Reddit,pt,0
Lil Gunya,Reddit,id,1
So true!,Reddit,pt,0
Lil coma,Reddit,zh,1
lil dengue,Reddit,ms,1
Lil duty(?),Reddit,eu,1
lil uzi,Reddit,eo,1
sArcAsM,Reddit,ro,1
sArcAsM,Reddit,ro,1
Lil Dengue ğŸ¦Ÿ,Reddit,eu,1
Lil h pylori,Reddit,fi,0
ğŸ˜…,Reddit,fr,1
BRUH,Reddit,an,1
ĞœĞ•ĞĞ¯ Ğ—ĞĞ¢Ğ ĞĞ›Ğ˜Ğ›Ğ˜!!!,YouTube,uk,1
lil dengue,Reddit,ms,1
BRUH,Reddit,an,1
ouch,Reddit,kk,1
BRUH,Reddit,an,1
Lil Gonorrhea,Reddit,hr,1
Valar dohaeris,Reddit,war,1
Lil jaundice,Reddit,lv,0
lil h-pylori,Reddit,hu,1
namaskarr ğŸ™,Reddit,sv,1
Ooh shit y9u teach kaama sutra on comment maan,Reddit,fi,1
ğŸ˜¢ğŸ˜¢ğŸ˜¢ğŸ‰ğŸ‰ğŸ˜‚ğŸ˜‚,YouTube,it,1
Lil duty(?),Reddit,eu,1
ouch,Reddit,kk,1
"Ğ­, Ğ° Ğ³Ğ´Ğµ Ñ‚ÑƒÑ‚ Ğ±ĞµÑĞ¿Ğ»Ğ°Ğ´Ğ½Ğ°Ñ Ğ¿Ğ¾Ğ´Ğ°Ñ€Ğ¾Ñ‡Ğ½Ğ°Ñ ĞºĞ°Ñ€Ñ‚Ğ° ÑÑ‚Ğ¸Ğ¼Ğ° ? ğŸ˜¢",YouTube,ru,0
namaskarr ğŸ™,Reddit,sv,1
lil jaundice,Reddit,lv,0
Same,Reddit,es,1
Lil human organ trafficking,Reddit,en,1
Lil h pylori,Reddit,fi,0
Lil Bone TB,Reddit,it,1
ouch,Reddit,kk,1
true,Reddit,fa,0
Lil Fever.,Reddit,pt,0
ğŸ™‚,Reddit,vi,1
Lil ligma,Reddit,hr,1
Ooh shit y9u teach kaama sutra on comment maan,Reddit,fi,1
Lil 'dengue,Reddit,tr,1
SMOL,Reddit,cs,1
â¤ï¸,Reddit,bg,1
true,Reddit,fa,0
SMOL,Reddit,cs,1
â¤ï¸,Reddit,bg,1
Thatâ€™s Jason Bateman,Reddit,ru,0
Lil h pylori,Reddit,fi,0
BRUH,Reddit,an,1
Lil Jaundice,Reddit,pt,0
BRUH,Reddit,an,1
Lil sinusitis,Reddit,de,0
lil dengue,Reddit,ms,1
ouch,Reddit,kk,1
Lil ligma,Reddit,hr,1
ouch,Reddit,kk,1
Lil pnemonea,Reddit,sh,1
true,Reddit,fa,0
Lil jaundice,Reddit,lv,0
LIL C@NCER,Reddit,pa,1
r/woosh,Reddit,it,1
Valar dohaeris,Reddit,war,1
Valar dohaeris,Reddit,war,1
Mammaaaa,Reddit,vi,1
Wich me luck,Reddit,fr,0
Lil Gonorrhea,Reddit,hr,1
Lil 'dengue,Reddit,tr,1
Lil pnemonea,Reddit,sh,1
VERY TRUE!,Reddit,uk,0
LIL TORN LCL.,Reddit,zh,1
LMAO ğŸ˜‚ğŸ˜‚ğŸ˜‚.,Reddit,uk,1
Lil Gunya,Reddit,id,1
Lil jaundice,Reddit,lv,0
Lot pot zok saar so puny,Reddit,cs,1
ğŸ˜‚ğŸ˜‚ğŸ˜‚,Reddit,nl,1
Yo wtf,Reddit,ie,1
Lil Dengue ğŸ¦Ÿ,Reddit,eu,1
SMOL,Reddit,cs,1
BRUH,Reddit,an,1
lil dengue,Reddit,ms,1
lil h-pylori,Reddit,hu,1
Valar dohaeris,Reddit,war,1
So true!,Reddit,pt,0
BRUH,Reddit,an,1
ğŸ¤¯ğŸ¤¯,Reddit,zh,1
Lil smegma,Reddit,hu,1
lil uzi,Reddit,eo,1
namaskarr ğŸ™,Reddit,sv,1
ğŸ˜‚ğŸ˜‚ cute,Reddit,en,0
LIL TORN LCL.,Reddit,zh,1
lil h-pylori,Reddit,hu,1
Valar dohaeris,Reddit,war,1
Yo wtf,Reddit,ie,1
SMOL,Reddit,cs,1
Lil Gunya,Reddit,id,1
Lil Insomnia,Reddit,fr,1
Lil Gunya,Reddit,id,1
r/tipofmytongue,Reddit,fr,1
Lil h pylori,Reddit,fi,0
true,Reddit,fa,0
Lot pot zok saar so puny,Reddit,cs,1
ouch,Reddit,kk,1
Lil SinusğŸ´â€â˜ ï¸,Reddit,nl,0
Lil h pylori,Reddit,fi,0
fuck youtube ğŸ˜¡,YouTube,ja,1
Yo wtf,Reddit,ie,1
true,Reddit,fa,0
Lil baby boy ğŸ˜…,Reddit,nl,0
u/repostsleuthbot,Reddit,de,1
"Lil pneumonia ( 19 yrs ago , i am 20)",Reddit,es,0
19-20 ka fark hain,Reddit,tr,1
[removed],Reddit,gom,1
lil dengue,Reddit,ms,1
ouch,Reddit,kk,1
LIL C@NCER,Reddit,pa,1
ğŸ˜…,Reddit,fr,1
Lil dengue,Reddit,ms,1
Lil smegma,Reddit,hu,1
BRUH,Reddit,an,1
Ooh shit y9u teach kaama sutra on comment maan,Reddit,fi,1
LMAO ğŸ˜‚ğŸ˜‚ğŸ˜‚.,Reddit,uk,1
Lil dengue,Reddit,ms,1
"ABURRE ESTA CANCION , La ponen a Tocar cada segundo.",YouTube,es,1
Valar dohaeris,Reddit,war,1
Lil psychosis (bipolar),Reddit,id,0
Need a piece of paper to stand on?,Reddit,en,1
Lil Insomnia,Reddit,fr,1
ğŸ¤£ğŸ˜‚ğŸ¤£ğŸ˜‚ğŸ¤£ğŸ˜‚ğŸ¤£ğŸ˜‚ğŸ¤£,Reddit,sv,1
Lil fissure in ano,Reddit,pt,1
ĞœĞ•ĞĞ¯ Ğ—ĞĞ¢Ğ ĞĞ›Ğ˜Ğ›Ğ˜!!!,YouTube,uk,1
lil malaria,Reddit,eo,1
Lil pnemonea,Reddit,sh,1
lil uzi,Reddit,eo,1
Mammaaaa,Reddit,vi,1
BRUH,Reddit,an,1
â¤ï¸,Reddit,bg,1
ğŸ¤¯ğŸ¤¯,Reddit,zh,1
Lil 'dengue,Reddit,tr,1
Lil coma,Reddit,zh,1
Lil baby boy ğŸ˜…,Reddit,nl,0
Lil eczema,Reddit,pl,1
LIL C@NCER,Reddit,pa,1
fuck youtube ğŸ˜¡,YouTube,ja,1
Lil psychosis (bipolar),Reddit,id,0
â¤ï¸,Reddit,bg,1
LIL TORN LCL.,Reddit,zh,1
Lil OPD ğŸ˜‚,Reddit,pl,1
Ğ Ğ³Ğ´Ğµ Ğ¼Ğ¾Ğ¸ Ñ€Ğ¾Ğ±ÑƒĞºÑÑ‹?(,YouTube,ru,1
lil dengue,Reddit,ms,1
â¤ï¸,Reddit,bg,1
i LOVE,YouTube,ja,0
Lil ligma,Reddit,hr,1
u/savevideo,Reddit,it,0
sArcAsM,Reddit,ro,1
ouch,Reddit,kk,1
So here we areâ€¦,YouTube,uk,0
[removed],Reddit,gom,1
Lil cuff,Reddit,hr,0
Fuck my manâ€™s gettin night tan,Reddit,de,1
ouch,Reddit,kk,1
Lil coma,Reddit,zh,1
ğŸ¤£ğŸ˜‚ğŸ¤£ğŸ˜‚ğŸ¤£ğŸ˜‚ğŸ¤£ğŸ˜‚ğŸ¤£,Reddit,sv,1
Ooh shit y9u teach kaama sutra on comment maan,Reddit,fi,1
Yo wtf,Reddit,ie,1
ğŸ™‚,Reddit,vi,1
Lil hiv,Reddit,fr,1
ğŸ˜‚ğŸ˜‚ğŸ˜‚,Reddit,nl,1
Classic,YouTube,en,0
Yo wtf,Reddit,ie,1
Haha ğŸ¤£ğŸ¤£ğŸ¤£,Reddit,hu,1
Lil SinusğŸ´â€â˜ ï¸,Reddit,nl,0
lil swollen foot,Reddit,de,1
i LOVE,YouTube,ja,0
LIL C@NCER,Reddit,pa,1
â¤ï¸,Reddit,bg,1
Lil dengue,Reddit,ms,1
Lil SinusğŸ´â€â˜ ï¸,Reddit,nl,0
lil toe fracture,Reddit,fr,0
sArcAsM,Reddit,ro,1
Lil duty(?),Reddit,eu,1
[removed],Reddit,gom,1
ğŸ™‚,Reddit,vi,1
Valar dohaeris,Reddit,war,1
Lil pnemonea,Reddit,sh,1
Bhai JEENEETards se idhar kese,Reddit,pt,1
Lot pot zok saar so puny,Reddit,cs,1
i LOVE,YouTube,ja,0
Yo wtf,Reddit,ie,1
Lil pnemonea,Reddit,sh,1
Lil duty(?),Reddit,eu,1
LMAO ğŸ˜‚ğŸ˜‚ğŸ˜‚.,Reddit,uk,1
Lil h pylori,Reddit,fi,0
lil tetanus,Reddit,hu,0
i LOVE,YouTube,ja,0
true,Reddit,fa,0
Valar dohaeris,Reddit,war,1
